source_file,href,http_status,resolution
theme/sections/ds-cs-base.liquid,/,200,ok
theme/sections/ds-cs-base.liquid,/collections/business-furniture,200,ok
theme/sections/ds-cs-base.liquid,/pages/quote,200,ok
theme/sections/ds-cs-base.liquid,/pages/quote,200,ok
theme/sections/ds-lp-about.liquid,/,200,ok
theme/sections/ds-lp-about.liquid,/pages/quote,200,ok
theme/sections/ds-lp-about.liquid,/pages/quote,200,ok
theme/sections/ds-lp-brands-ergocentric.liquid,/,200,ok
theme/sections/ds-lp-brands-ergocentric.liquid,/pages/brands,200,ok
theme/sections/ds-lp-brands-ergocentric.liquid,/pages/quote,200,ok
theme/sections/ds-lp-brands-ergocentric.liquid,/collections/seating,200,ok
theme/sections/ds-lp-brands-ergocentric.liquid,/collections/seating,200,ok
theme/sections/ds-lp-brands-ergocentric.liquid,/collections/24-hour-seating,200,ok
theme/sections/ds-lp-brands-ergocentric.liquid,/collections/big-heavy-seating,200,ok
theme/sections/ds-lp-brands-ergocentric.liquid,/pages/oecm,200,ok
theme/sections/ds-lp-brands-ergocentric.liquid,/pages/quote,200,ok
theme/sections/ds-lp-brands-ergocentric.liquid,/pages/quote,200,ok
theme/sections/ds-lp-brands-global-teknion.liquid,/,200,ok
theme/sections/ds-lp-brands-global-teknion.liquid,/pages/brands,200,ok
theme/sections/ds-lp-brands-global-teknion.liquid,/pages/quote,200,ok
theme/sections/ds-lp-brands-global-teknion.liquid,/collections/desks,200,ok
theme/sections/ds-lp-brands-global-teknion.liquid,/collections/desks,200,ok
theme/sections/ds-lp-brands-global-teknion.liquid,/collections/panels-room-dividers,200,ok
theme/sections/ds-lp-brands-global-teknion.liquid,/collections/storage,200,ok
theme/sections/ds-lp-brands-global-teknion.liquid,/pages/oecm,200,ok
theme/sections/ds-lp-brands-global-teknion.liquid,/pages/quote,200,ok
theme/sections/ds-lp-brands-global-teknion.liquid,/pages/quote,200,ok
theme/sections/ds-lp-brands-keilhauer.liquid,/,200,ok
theme/sections/ds-lp-brands-keilhauer.liquid,/pages/brands,200,ok
theme/sections/ds-lp-brands-keilhauer.liquid,/pages/quote,200,ok
theme/sections/ds-lp-brands-keilhauer.liquid,/collections/boardroom,200,ok
theme/sections/ds-lp-brands-keilhauer.liquid,/collections/boardroom,200,ok
theme/sections/ds-lp-brands-keilhauer.liquid,/collections/seating,200,ok
theme/sections/ds-lp-brands-keilhauer.liquid,/collections/lounge-chairs-seating,200,ok
theme/sections/ds-lp-brands-keilhauer.liquid,/pages/oecm,200,ok
theme/sections/ds-lp-brands-keilhauer.liquid,/pages/quote,200,ok
theme/sections/ds-lp-brands-keilhauer.liquid,/pages/quote,200,ok
theme/sections/ds-lp-brands.liquid,/,200,ok
theme/sections/ds-lp-brands.liquid,/pages/quote,200,ok
theme/sections/ds-lp-brands.liquid,/collections/business-furniture,200,ok
theme/sections/ds-lp-brands.liquid,/pages/brands-keilhauer,200,ok
theme/sections/ds-lp-brands.liquid,/pages/brands-ergocentric,200,ok
theme/sections/ds-lp-brands.liquid,/pages/brands-global-teknion,200,ok
theme/sections/ds-lp-brands.liquid,/pages/oecm,200,ok
theme/sections/ds-lp-brands.liquid,/pages/quote,200,ok
theme/sections/ds-lp-brands.liquid,/pages/quote,200,ok
theme/sections/ds-lp-contact.liquid,/,200,ok
theme/sections/ds-lp-contact.liquid,/collections/business-furniture,200,ok
theme/sections/ds-lp-contact.liquid,/pages/industries,200,ok
theme/sections/ds-lp-contact.liquid,/pages/brands,200,ok
theme/sections/ds-lp-contact.liquid,/pages/design-services,200,ok
theme/sections/ds-lp-contact.liquid,/pages/about,200,ok
theme/sections/ds-lp-contact.liquid,/pages/quote,200,ok
theme/sections/ds-lp-contact.liquid,/,200,ok
theme/sections/ds-lp-contact.liquid,/pages/oecm,200,ok
theme/sections/ds-lp-contact.liquid,/pages/quote,200,ok
theme/sections/ds-lp-contact.liquid,/pages/oecm,200,ok
theme/sections/ds-lp-contact.liquid,/collections/seating,200,ok
theme/sections/ds-lp-contact.liquid,/collections/desks,200,ok
theme/sections/ds-lp-contact.liquid,/collections/storage,200,ok
theme/sections/ds-lp-contact.liquid,/collections/tables,200,ok
theme/sections/ds-lp-contact.liquid,/collections/business-furniture,200,ok
theme/sections/ds-lp-contact.liquid,/pages/design-services,200,ok
theme/sections/ds-lp-contact.liquid,/pages/delivery,200,ok
theme/sections/ds-lp-contact.liquid,/pages/relocation,200,ok
theme/sections/ds-lp-contact.liquid,/pages/quote,200,ok
theme/sections/ds-lp-contact.liquid,/pages/about,200,ok
theme/sections/ds-lp-contact.liquid,/pages/oecm,200,ok
theme/sections/ds-lp-contact.liquid,/pages/brands,200,ok
theme/sections/ds-lp-contact.liquid,/pages/contact,200,ok
theme/sections/ds-lp-customer-stories.liquid,/,200,ok
theme/sections/ds-lp-customer-stories.liquid,/pages/about,200,ok
theme/sections/ds-lp-customer-stories.liquid,/pages/quote,200,ok
theme/sections/ds-lp-customer-stories.liquid,/pages/quote,200,ok
theme/sections/ds-lp-customer-stories.liquid,/pages/oecm,200,ok
theme/sections/ds-lp-customer-stories.liquid,/pages/oecm,200,ok
theme/sections/ds-lp-customer-stories.liquid,/pages/quote,200,ok
theme/sections/ds-lp-delivery.liquid,/,200,ok
theme/sections/ds-lp-delivery.liquid,/collections/business-furniture,200,ok
theme/sections/ds-lp-delivery.liquid,/pages/industries,200,ok
theme/sections/ds-lp-delivery.liquid,/pages/brands,200,ok
theme/sections/ds-lp-delivery.liquid,/pages/design-services,200,ok
theme/sections/ds-lp-delivery.liquid,/pages/about,200,ok
theme/sections/ds-lp-delivery.liquid,/pages/quote,200,ok
theme/sections/ds-lp-delivery.liquid,/,200,ok
theme/sections/ds-lp-delivery.liquid,/pages/quote,200,ok
theme/sections/ds-lp-delivery.liquid,/pages/oecm,200,ok
theme/sections/ds-lp-delivery.liquid,/pages/relocation,200,ok
theme/sections/ds-lp-delivery.liquid,/pages/quote,200,ok
theme/sections/ds-lp-delivery.liquid,/collections/seating,200,ok
theme/sections/ds-lp-delivery.liquid,/collections/desks,200,ok
theme/sections/ds-lp-delivery.liquid,/collections/storage,200,ok
theme/sections/ds-lp-delivery.liquid,/collections/tables,200,ok
theme/sections/ds-lp-delivery.liquid,/collections/business-furniture,200,ok
theme/sections/ds-lp-delivery.liquid,/pages/design-services,200,ok
theme/sections/ds-lp-delivery.liquid,/pages/delivery,200,ok
theme/sections/ds-lp-delivery.liquid,/pages/relocation,200,ok
theme/sections/ds-lp-delivery.liquid,/pages/quote,200,ok
theme/sections/ds-lp-delivery.liquid,/pages/about,200,ok
theme/sections/ds-lp-delivery.liquid,/pages/oecm,200,ok
theme/sections/ds-lp-delivery.liquid,/pages/brands,200,ok
theme/sections/ds-lp-delivery.liquid,/pages/contact,200,ok
theme/sections/ds-lp-design-services.liquid,/,200,ok
theme/sections/ds-lp-education.liquid,/,200,ok
theme/sections/ds-lp-education.liquid,/pages/industries,200,ok
theme/sections/ds-lp-education.liquid,/pages/quote,200,ok
theme/sections/ds-lp-education.liquid,/collections/desks,200,ok
theme/sections/ds-lp-education.liquid,/collections/seating,200,ok
theme/sections/ds-lp-education.liquid,/collections/tables,200,ok
theme/sections/ds-lp-education.liquid,/pages/oecm,200,ok
theme/sections/ds-lp-education.liquid,/pages/quote,200,ok
theme/sections/ds-lp-education.liquid,/pages/quote,200,ok
theme/sections/ds-lp-faq.liquid,/,200,ok
theme/sections/ds-lp-faq.liquid,/pages/quote,200,ok
theme/sections/ds-lp-faq.liquid,/pages/quote,200,ok
theme/sections/ds-lp-faq.liquid,/pages/quote,200,ok
theme/sections/ds-lp-faq.liquid,/pages/quote,200,ok
theme/sections/ds-lp-faq.liquid,/pages/quote,200,ok
theme/sections/ds-lp-faq.liquid,/pages/quote,200,ok
theme/sections/ds-lp-government.liquid,/,200,ok
theme/sections/ds-lp-government.liquid,/pages/industries,200,ok
theme/sections/ds-lp-government.liquid,/pages/quote,200,ok
theme/sections/ds-lp-government.liquid,/collections/desks,200,ok
theme/sections/ds-lp-government.liquid,/collections/boardroom,200,ok
theme/sections/ds-lp-government.liquid,/collections/storage,200,ok
theme/sections/ds-lp-government.liquid,/pages/oecm,200,ok
theme/sections/ds-lp-government.liquid,/pages/quote,200,ok
theme/sections/ds-lp-government.liquid,/pages/quote,200,ok
theme/sections/ds-lp-healthcare.liquid,/,200,ok
theme/sections/ds-lp-healthcare.liquid,/pages/industries,200,ok
theme/sections/ds-lp-healthcare.liquid,/pages/quote,200,ok
theme/sections/ds-lp-healthcare.liquid,/collections/seating,200,ok
theme/sections/ds-lp-healthcare.liquid,/collections/tables,200,ok
theme/sections/ds-lp-healthcare.liquid,/collections/desks,200,ok
theme/sections/ds-lp-healthcare.liquid,/pages/oecm,200,ok
theme/sections/ds-lp-healthcare.liquid,/pages/quote,200,ok
theme/sections/ds-lp-healthcare.liquid,/pages/quote,200,ok
theme/sections/ds-lp-industries.liquid,/,200,ok
theme/sections/ds-lp-industries.liquid,/pages/quote,200,ok
theme/sections/ds-lp-industries.liquid,/pages/healthcare,200,ok
theme/sections/ds-lp-industries.liquid,/pages/education,200,ok
theme/sections/ds-lp-industries.liquid,/pages/government,200,ok
theme/sections/ds-lp-industries.liquid,/pages/non-profit,200,ok
theme/sections/ds-lp-industries.liquid,/pages/professional-services,200,ok
theme/sections/ds-lp-industries.liquid,/collections/seating,200,ok
theme/sections/ds-lp-industries.liquid,/collections/desks,200,ok
theme/sections/ds-lp-industries.liquid,/collections/storage,200,ok
theme/sections/ds-lp-industries.liquid,/collections/tables,200,ok
theme/sections/ds-lp-industries.liquid,/collections/boardroom,200,ok
theme/sections/ds-lp-industries.liquid,/collections/ergonomic-products,200,ok
theme/sections/ds-lp-industries.liquid,/collections/panels-room-dividers,200,ok
theme/sections/ds-lp-industries.liquid,/collections/quiet-spaces,200,ok
theme/sections/ds-lp-industries.liquid,/collections/accessories,200,ok
theme/sections/ds-lp-industries.liquid,/pages/quote,200,ok
theme/sections/ds-lp-industries.liquid,/pages/quote,200,ok
theme/sections/ds-lp-non-profit.liquid,/,200,ok
theme/sections/ds-lp-non-profit.liquid,/pages/industries,200,ok
theme/sections/ds-lp-non-profit.liquid,/pages/quote,200,ok
theme/sections/ds-lp-non-profit.liquid,/collections/seating,200,ok
theme/sections/ds-lp-non-profit.liquid,/collections/desks,200,ok
theme/sections/ds-lp-non-profit.liquid,/collections/tables,200,ok
theme/sections/ds-lp-non-profit.liquid,/pages/oecm,200,ok
theme/sections/ds-lp-non-profit.liquid,/pages/quote,200,ok
theme/sections/ds-lp-non-profit.liquid,/pages/quote,200,ok
theme/sections/ds-lp-oecm.liquid,/pages/oecm-agreement,404,fail
theme/sections/ds-lp-our-work.liquid,/,200,ok
theme/sections/ds-lp-our-work.liquid,/collections/business-furniture,200,ok
theme/sections/ds-lp-our-work.liquid,/pages/industries,200,ok
theme/sections/ds-lp-our-work.liquid,/pages/brands,200,ok
theme/sections/ds-lp-our-work.liquid,/pages/design-services,200,ok
theme/sections/ds-lp-our-work.liquid,/pages/about,200,ok
theme/sections/ds-lp-our-work.liquid,/pages/quote,200,ok
theme/sections/ds-lp-our-work.liquid,/,200,ok
theme/sections/ds-lp-our-work.liquid,/pages/about,200,ok
theme/sections/ds-lp-our-work.liquid,/pages/quote,200,ok
theme/sections/ds-lp-our-work.liquid,/collections/seating,200,ok
theme/sections/ds-lp-our-work.liquid,/collections/desks,200,ok
theme/sections/ds-lp-our-work.liquid,/collections/storage,200,ok
theme/sections/ds-lp-our-work.liquid,/collections/tables,200,ok
theme/sections/ds-lp-our-work.liquid,/collections/business-furniture,200,ok
theme/sections/ds-lp-our-work.liquid,/pages/design-services,200,ok
theme/sections/ds-lp-our-work.liquid,/pages/delivery,200,ok
theme/sections/ds-lp-our-work.liquid,/pages/relocation,200,ok
theme/sections/ds-lp-our-work.liquid,/pages/quote,200,ok
theme/sections/ds-lp-our-work.liquid,/pages/about,200,ok
theme/sections/ds-lp-our-work.liquid,/pages/our-work,200,ok
theme/sections/ds-lp-our-work.liquid,/pages/oecm,200,ok
theme/sections/ds-lp-our-work.liquid,/pages/contact,200,ok
theme/sections/ds-lp-professional-services.liquid,/,200,ok
theme/sections/ds-lp-professional-services.liquid,/pages/industries,200,ok
theme/sections/ds-lp-professional-services.liquid,/pages/quote,200,ok
theme/sections/ds-lp-professional-services.liquid,/collections/seating,200,ok
theme/sections/ds-lp-professional-services.liquid,/collections/desks,200,ok
theme/sections/ds-lp-professional-services.liquid,/collections/boardroom,200,ok
theme/sections/ds-lp-professional-services.liquid,/pages/quote,200,ok
theme/sections/ds-lp-professional-services.liquid,/pages/quote,200,ok
theme/sections/ds-lp-quote.liquid,/pages/design-services,200,ok
theme/sections/ds-lp-quote.liquid,/pages/oecm,200,ok
theme/sections/ds-lp-quote.liquid,/pages/oecm,200,ok
theme/sections/ds-lp-relocation.liquid,/,200,ok
theme/sections/ds-lp-relocation.liquid,/collections/business-furniture,200,ok
theme/sections/ds-lp-relocation.liquid,/pages/industries,200,ok
theme/sections/ds-lp-relocation.liquid,/pages/brands,200,ok
theme/sections/ds-lp-relocation.liquid,/pages/design-services,200,ok
theme/sections/ds-lp-relocation.liquid,/pages/about,200,ok
theme/sections/ds-lp-relocation.liquid,/pages/quote,200,ok
theme/sections/ds-lp-relocation.liquid,/,200,ok
theme/sections/ds-lp-relocation.liquid,/pages/quote,200,ok
theme/sections/ds-lp-relocation.liquid,/pages/oecm,200,ok
theme/sections/ds-lp-relocation.liquid,/pages/quote,200,ok
theme/sections/ds-lp-relocation.liquid,/collections/seating,200,ok
theme/sections/ds-lp-relocation.liquid,/collections/desks,200,ok
theme/sections/ds-lp-relocation.liquid,/collections/storage,200,ok
theme/sections/ds-lp-relocation.liquid,/collections/tables,200,ok
theme/sections/ds-lp-relocation.liquid,/collections/business-furniture,200,ok
theme/sections/ds-lp-relocation.liquid,/pages/design-services,200,ok
theme/sections/ds-lp-relocation.liquid,/pages/delivery,200,ok
theme/sections/ds-lp-relocation.liquid,/pages/relocation,200,ok
theme/sections/ds-lp-relocation.liquid,/pages/quote,200,ok
theme/sections/ds-lp-relocation.liquid,/pages/about,200,ok
theme/sections/ds-lp-relocation.liquid,/pages/oecm,200,ok
theme/sections/ds-lp-relocation.liquid,/pages/brands,200,ok
theme/sections/ds-lp-relocation.liquid,/pages/contact,200,ok
theme/snippets/bbi-nav.liquid,/,200,ok
theme/snippets/bbi-nav.liquid,/collections/seating,200,ok
theme/snippets/bbi-nav.liquid,/collections/desks,200,ok
theme/snippets/bbi-nav.liquid,/collections/storage,200,ok
theme/snippets/bbi-nav.liquid,/collections/tables,200,ok
theme/snippets/bbi-nav.liquid,/collections/boardroom,200,ok
theme/snippets/bbi-nav.liquid,/collections/ergonomic-products,200,ok
theme/snippets/bbi-nav.liquid,/collections/panels-room-dividers,200,ok
theme/snippets/bbi-nav.liquid,/collections/accessories,200,ok
theme/snippets/bbi-nav.liquid,/collections/quiet-spaces,200,ok
theme/snippets/bbi-nav.liquid,/pages/industries,200,ok
theme/snippets/bbi-nav.liquid,/pages/healthcare,200,ok
theme/snippets/bbi-nav.liquid,/pages/education,200,ok
theme/snippets/bbi-nav.liquid,/pages/government,200,ok
theme/snippets/bbi-nav.liquid,/pages/non-profit,200,ok
theme/snippets/bbi-nav.liquid,/pages/professional-services,200,ok
theme/snippets/bbi-nav.liquid,/pages/brands,200,ok
theme/snippets/bbi-nav.liquid,/pages/brands-keilhauer,200,ok
theme/snippets/bbi-nav.liquid,/pages/brands-global-teknion,200,ok
theme/snippets/bbi-nav.liquid,/pages/brands-ergocentric,200,ok
theme/snippets/bbi-nav.liquid,/pages/design-services,200,ok
theme/snippets/bbi-nav.liquid,/pages/delivery,200,ok
theme/snippets/bbi-nav.liquid,/pages/relocation,200,ok
theme/snippets/bbi-nav.liquid,/pages/quote,200,ok
theme/snippets/bbi-nav.liquid,/pages/faq,200,ok
theme/snippets/bbi-nav.liquid,/pages/about,200,ok
theme/snippets/bbi-nav.liquid,/pages/our-work,200,ok
theme/snippets/bbi-nav.liquid,/pages/oecm,200,ok
theme/snippets/bbi-nav.liquid,/pages/contact,200,ok
theme/snippets/bbi-nav.liquid,/pages/quote,200,ok
theme/snippets/bbi-nav.liquid,/,200,ok
theme/snippets/bbi-nav.liquid,/collections/seating,200,ok
theme/snippets/bbi-nav.liquid,/collections/desks,200,ok
theme/snippets/bbi-nav.liquid,/collections/storage,200,ok
theme/snippets/bbi-nav.liquid,/collections/tables,200,ok
theme/snippets/bbi-nav.liquid,/collections/boardroom,200,ok
theme/snippets/bbi-nav.liquid,/collections/ergonomic-products,200,ok
theme/snippets/bbi-nav.liquid,/collections/panels-room-dividers,200,ok
theme/snippets/bbi-nav.liquid,/collections/accessories,200,ok
theme/snippets/bbi-nav.liquid,/collections/quiet-spaces,200,ok
theme/snippets/bbi-nav.liquid,/pages/industries,200,ok
theme/snippets/bbi-nav.liquid,/pages/healthcare,200,ok
theme/snippets/bbi-nav.liquid,/pages/education,200,ok
theme/snippets/bbi-nav.liquid,/pages/government,200,ok
theme/snippets/bbi-nav.liquid,/pages/non-profit,200,ok
theme/snippets/bbi-nav.liquid,/pages/professional-services,200,ok
theme/snippets/bbi-nav.liquid,/pages/brands,200,ok
theme/snippets/bbi-nav.liquid,/pages/brands-keilhauer,200,ok
theme/snippets/bbi-nav.liquid,/pages/brands-global-teknion,200,ok
theme/snippets/bbi-nav.liquid,/pages/brands-ergocentric,200,ok
theme/snippets/bbi-nav.liquid,/pages/design-services,200,ok
theme/snippets/bbi-nav.liquid,/pages/delivery,200,ok
theme/snippets/bbi-nav.liquid,/pages/relocation,200,ok
theme/snippets/bbi-nav.liquid,/pages/quote,200,ok
theme/snippets/bbi-nav.liquid,/pages/faq,200,ok
theme/snippets/bbi-nav.liquid,/pages/about,200,ok
theme/snippets/bbi-nav.liquid,/pages/our-work,200,ok
theme/snippets/bbi-nav.liquid,/pages/oecm,200,ok
theme/snippets/bbi-nav.liquid,/pages/contact,200,ok
theme/snippets/bbi-nav.liquid,/pages/quote,200,ok
theme/snippets/bbi-footer.liquid,/collections/seating,200,ok
theme/snippets/bbi-footer.liquid,/collections/desks,200,ok
theme/snippets/bbi-footer.liquid,/collections/storage,200,ok
theme/snippets/bbi-footer.liquid,/collections/tables,200,ok
theme/snippets/bbi-footer.liquid,/collections/boardroom,200,ok
theme/snippets/bbi-footer.liquid,/collections/ergonomic-products,200,ok
theme/snippets/bbi-footer.liquid,/collections/panels-room-dividers,200,ok
theme/snippets/bbi-footer.liquid,/collections/accessories,200,ok
theme/snippets/bbi-footer.liquid,/collections/quiet-spaces,200,ok
theme/snippets/bbi-footer.liquid,/pages/healthcare,200,ok
theme/snippets/bbi-footer.liquid,/pages/education,200,ok
theme/snippets/bbi-footer.liquid,/pages/government,200,ok
theme/snippets/bbi-footer.liquid,/pages/non-profit,200,ok
theme/snippets/bbi-footer.liquid,/pages/professional-services,200,ok
theme/snippets/bbi-footer.liquid,/pages/industries,200,ok
theme/snippets/bbi-footer.liquid,/pages/design-services,200,ok
theme/snippets/bbi-footer.liquid,/pages/delivery,200,ok
theme/snippets/bbi-footer.liquid,/pages/relocation,200,ok
theme/snippets/bbi-footer.liquid,/pages/quote,200,ok
theme/snippets/bbi-footer.liquid,/pages/faq,200,ok
theme/snippets/bbi-footer.liquid,/pages/oecm,200,ok
theme/snippets/bbi-footer.liquid,/pages/oecm,200,ok
theme/snippets/bbi-footer.liquid,/policies/privacy-policy,200,ok
theme/snippets/bbi-footer.liquid,/policies/terms-of-service,200,ok
theme/snippets/bbi-footer.liquid,/policies/shipping-policy,200,ok
