handle,current_title,proposed_title,brand_detected,spec_detected,confidence,notes
zim-synchro-tilter-chair-high-back-mesh-mesh-back-black,Zim Synchro-Tilter Chair High Back Mesh Mesh Back,Zim synchro-tilter chair high back mesh mesh back,,,low,no brand detected; no spec detected — name only
obusforme-comfort-high-back-chair-fabric-1240-3,ObusForme Comfort High back Chair 1240-3,ObusForme Comfort high back chair — 1240-3,ObusForme,1240-3,high,
desk-u-shape-mlp205-1,Desk U-Shape,Desk u-shape,,,low,no brand detected; no spec detected — name only
honor-roll-dsq-1824-pb-table-desk-square-leg-base-4-legs-x-24-table-top-width-x-18-table-top-depth-5-each,"Honor Roll -DSQ-1824-PB Table Desk - Square Leg Base - 4 Legs x 24"" Table Top Width x 18"" Table Top Depth 5 EACH","Honor roll -dsq-1824-pb table desk - square leg base - 4 legs x 24"" table top width x 18"" table top depth 5 each — 18""",,"18""",medium,spec inline — not stripped from name; no brand detected
mobile-folding-chair-storage-cart-3,Mobile Folding Chair Storage Cart,Mobile folding chair storage cart,,,low,no brand detected; no spec detected — name only
large-fire-water-safe-13-x-16-x-19-black-2,"Large Fire/Water Safe 13"" x 16"" x 19"" - Black","Large fire/water safe 13"" x 16"" x 19"" - black — 13"" x 16"" x 19""",,"13"" x 16"" x 19""",medium,spec inline — not stripped from name; no brand detected
rollamat-for-carpet-carpeted-floor-53-x-45-3,"RollaMat for Carpet - Carpeted Floor 53""  x 45""","Rollamat for carpet - carpeted floor — 53""  x 45""",,"53""  x 45""",medium,no brand detected
desk-2-drawer-48-x-24-x-29-1,"Desk - 2-Drawer - 48"" x 24"" x 29""","Desk - 2-drawer — 48"" x 24"" x 29""",,"48"" x 24"" x 29""",medium,no brand detected
polycarbonate-chairmat-for-hard-floors-hard-floor-60x-46-1,"Polycarbonate Chairmat for Hard Floors - Hard Floor 60""x 46""","Polycarbonate chairmat for hard floors - hard floor — 60""x 46""",,"60""x 46""",medium,no brand detected
reception-desk-84-x-84-1,"Reception Desk - 84"" x 84""","Reception desk — 84"" x 84""",,"84"" x 84""",medium,no brand detected
door-32-x-32-1,"Door - 32"" x 32""","Door — 32"" x 32""",,"32"" x 32""",medium,no brand detected
bookcase-1-shelf-32-wide-x-72-high,"Bookcase - 1"" Shelf 32"" Wide x 72"" High","Bookcase - 1"" shelf 32"" wide x 72"" high — 72""",,"72""",medium,spec inline — not stripped from name; no brand detected
carpeted-floor-60x-46,"Carpeted Floor - 60""x 46""","Carpeted floor — 60""x 46""",,"60""x 46""",medium,no brand detected
carpeted-floor-48-x-36-6,"Carpeted Floor - 48"" x 36""","Carpeted floor — 48"" x 36""",,"48"" x 36""",medium,no brand detected
carpeted-floor-48-x-60,"Carpeted Floor - 48"" x 60""","Carpeted floor — 48"" x 60""",,"48"" x 60""",medium,no brand detected
carpeted-floor-48-x-60-1,"Carpeted Floor - 48"" x 60""","Carpeted floor — 48"" x 60""",,"48"" x 60""",medium,no brand detected
l-shaped-medium-pile-chair-mat-with-lip-66-x-60-2,"L-Shaped Medium Pile Chair Mat With Lip  66"" x 60""","L-shaped medium pile chair mat with lip — 66"" x 60""",,"66"" x 60""",medium,no brand detected
chair-black-steel-frame-2,Chair Black Steel Frame,Chair black steel frame,,,low,no brand detected; no spec detected — name only
electronic-lock-business-safes,Electronic Lock Business Safes,Electronic lock business safes,,,low,no brand detected; no spec detected — name only
folding-table-24-x-48-1,"Folding Table  24""  x 48""","Folding table — 24""  x 48""",,"24""  x 48""",medium,no brand detected
hdl-5-resin-folding-table-granite-rectangle-dove-white-pebble-top-powder-coated-base-60-table-top-length-x-30-table-top-width-29-height-1,"HDL 5' Resin Folding Table - Granite Rectangle, Dove White Pebble Top - Powder Coated Base - 60"" Table Top Length x 30"" Table Top Width - 29"" Height","Hdl 5' resin folding table - granite rectangle, dove white pebble top - powder coated base - 60"" table top length x 30"" table top width - 29"" height — 29""",,"29""",medium,spec inline — not stripped from name; no brand detected
folding-table-30x-72,"Folding Table 30""x 72""","Folding table — 30""x 72""",,"30""x 72""",medium,no brand detected
folding-table-60-x-30-1,"Folding Table 60"" x 30""","Folding table — 60"" x 30""",,"60"" x 30""",medium,no brand detected
folding-table-30-x-96-1,"Folding Table  30""  x 96""","Folding table — 30""  x 96""",,"30""  x 96""",medium,no brand detected
folding-table-8,Folding Table,Folding table,,,low,no brand detected; no spec detected — name only
folding-table-60-4,Folding Chair,Folding chair,,,low,no brand detected; no spec detected — name only
safe-digital-fire-water-file,Safe Digital Fire/Water File,Safe digital fire/water file,,,low,no brand detected; no spec detected — name only
safe-small-security-safe-with-electronic-lock-8-7-x-13-8-x-10-6-3,"Safe Small Security Safe with Electronic Lock  8.7"" x 13.8"" x 10.6""","Safe small security safe with electronic lock — 8.7"" x 13.8"" x 10.6""",,"8.7"" x 13.8"" x 10.6""",medium,no brand detected
offices-to-go-chair-2,Offices To Go Chair,Offices to Go Chair,Offices to Go,,medium,no spec detected — name only
chair-black-steel-frame-3,Chair - Black Steel Frame,Chair - black steel frame,,,low,no brand detected; no spec detected — name only
innovations-suite,Innovations Suite,Innovations suite,,,low,no brand detected; no spec detected — name only
plexiglass-hanging-modesty-panel-48-width-x-15-height-2,"Plexiglass Hanging Modesty Panel - 48"" Width x 15"" Height","Plexiglass hanging modesty panel - 48"" width x 15"" height — 15""",,"15""",medium,spec inline — not stripped from name; no brand detected
l-shape-reception-72-x-72-x-41-1,"L-Shape Reception - 72"" x 72"" x 41""","L-shape reception — 72"" x 72"" x 41""",,"72"" x 72"" x 41""",medium,no brand detected
coat-tree-hook-stand-1,Coat Tree Hook Stand,Coat tree hook stand,,,low,no brand detected; no spec detected — name only
dolly-7,Dolly,Dolly,,,low,no brand detected; no spec detected — name only; no change needed
floor-chairmat-carpet-hard-floor-60-x-46,"Floor Chairmat Carpet, Hard Floor 60""  x 46""","Floor chairmat carpet, hard floor — 60""  x 46""",,"60""  x 46""",medium,no brand detected
boat-shaped-conference-table,Boat Shaped Conference Table,Boat shaped conference table,,,low,no brand detected; no spec detected — name only
boat-shaped-conference-table-96-x-36-x-29,"Boat Shaped Conference Table - 96"" x 36"" x 29""","Boat shaped conference table — 96"" x 36"" x 29""",,"96"" x 36"" x 29""",medium,no brand detected
l-shape-desk-3-sizes-13-colours,"""L"" Shape Desk 6 Sizes 13 colours","""l"" shape desk 6 sizes 13 colours — 6 sizes",,6 sizes,medium,spec inline — not stripped from name; no brand detected; multi-variant; spec describes option count
newland-box-file-mobile-pedestal,Newland Box/File Mobile Pedestal NLMP23BF,Newland box/file mobile pedestal — NLMP23BF,,NLMP23BF,medium,no brand detected
anti-fatigue-wellness-mat-36-x-24-5,"Anti-Fatigue Wellness Mat  36"" x 24""","Anti-fatigue wellness mat — 36"" x 24""",,"36"" x 24""",medium,no brand detected
security-safe-fire-resistant-50-5-x-26-5-1,"Security Safe  Fire Resistant 50.5"" x 26.5""","Security safe fire resistant — 50.5"" x 26.5""",,"50.5"" x 26.5""",medium,no brand detected
security-safe-39-x-26-5-x-26-5-1,"Security Safe  39"" x 26.5"" x 26.5""","Security safe — 39"" x 26.5"" x 26.5""",,"39"" x 26.5"" x 26.5""",medium,no brand detected
gardex-security-safe-fire-resistant-size-29-x-21-5-x-21-5-beige,"Gardex  Security Safe- Fire Resistant -Size 29"" x 21.5"" x 21.5"" - Beige","Gardex security safe- fire resistant -size 29"" x 21.5"" x 21.5"" - beige — 29"" x 21.5"" x 21.5""",,"29"" x 21.5"" x 21.5""",medium,spec inline — not stripped from name; no brand detected
gardex-security-safe-fire-resistant-24-x-18-5-x-18-5,"Gardex  Security Safe - Fire Resistant -  24"" x 18.5"" x 18.5""","Gardex security safe - fire resistant — 24"" x 18.5"" x 18.5""",,"24"" x 18.5"" x 18.5""",medium,no brand detected
sentry-safe-security-safe-with-electronic-lock-4,Sentry Safe Security Safe with Electronic Lock,Sentry safe security safe with electronic lock,,,low,no brand detected; no spec detected — name only
round-table-x-base-5,Round Table - X-Base,Round table - x-base,,,low,no brand detected; no spec detected — name only
casters-5-set-1,Casters- 5 / Set,Casters- 5 / set,,,low,no brand detected; no spec detected — name only
chair-dolly-duet-chairs,Chair Dolly (Duet Chairs),Chair dolly (duet chairs),,,low,no brand detected; no spec detected — name only
craft-wedge-overtable-chrome-leg-1,Craft Wedge Overtable Chrome Leg,Craft wedge overtable chrome leg,,,low,no brand detected; no spec detected — name only
standing-desk-for-corner-desk-5,Standing Desk for Corner Desk,Standing desk for corner desk,,,low,no brand detected; no spec detected — name only
round-table-42-high-bar-height,"Round Table 42"" High Bar Height","Round table 42"" high bar height — 42""",,"42""",medium,spec inline — not stripped from name; no brand detected
flip-top-table-48-x-24,"Flip-Top Table - 48"" x 24""","Flip-top table — 48"" x 24""",,"48"" x 24""",medium,no brand detected
workstation-96-x-50-x-29-4-person-station,"Workstation - 96"" x 50"" x 29"" (4 Person Station)","Workstation - 96"" x 50"" x 29"" (4 person station) — 96"" x 50"" x 29""",,"96"" x 50"" x 29""",medium,spec inline — not stripped from name; no brand detected
storage-cabinet-medium-duty-72x18x36w,"Storage Cabinet Medium Duty 72""x18""x36""W","Storage cabinet medium duty 72""x18""x36""w — 72""x18""x36""",,"72""x18""x36""",medium,spec inline — not stripped from name; no brand detected
pedestal-box-box-file-with-or-without-wheels,Pedestal - Box/Box/File (With or without wheels),Pedestal - box/box/file (with or without wheels),,,low,no brand detected; no spec detected — name only
zira-conference-table-9-sizes,Zira Conference Table - 9 Sizes,Zira conference table — 9 sizes,,9 sizes,medium,no brand detected; multi-variant; spec describes option count
offices-to-go-ionic-table-36-x-36-x-29-material-metal-base-finish-absolute-acajou-black-base-sandtex-1,"Offices To Go Ionic Table - 36"" x 36"" x 29"" - Material: Metal Base - Finish: Absolute Acajou, Black Base, Sandtex","Offices to Go Ionic table - 36"" x 36"" x 29"" - material: metal base - finish: absolute acajou, black base, sandtex — 36"" x 36"" x 29""",Offices to Go,"36"" x 36"" x 29""",high,spec inline — not stripped from name
file-buddy-swivel-stool-black-vinyl,File Buddy Swivel Stool Black Vinyl,File buddy swivel stool black — Vinyl,,Vinyl,medium,no brand detected
electric-height-adjustable-standing-desk-workstation-4,Electric Height Adjustable Standing Desk Workstation,Electric height adjustable standing desk workstation,,,low,no brand detected; no spec detected — name only
electric-dual-monitor-height-adjustable-standing-desk-workstation-dc450,Electric Dual Monitor Height Adjustable Standing Desk Workstation DC450,Electric dual monitor height adjustable standing desk workstation — DC450,,DC450,medium,no brand detected
desktop-riser-black-2,Desktop Riser Black,Desktop riser — Black,,Black,medium,no brand detected
tables-dolly-7,Tables Dolly,Tables dolly,,,low,no brand detected; no spec detected — name only
table-29-x-28-3,"Table - 29"" x 28""","Table — 29"" x 28""",,"29"" x 28""",medium,no brand detected
tables-dolly-8,Tables Dolly,Tables dolly,,,low,no brand detected; no spec detected — name only
table-29-x-28-4,"Table - 29"" x 28""","Table — 29"" x 28""",,"29"" x 28""",medium,no brand detected
table-29-x-28-5,"Table - 29"" x 28""","Table — 29"" x 28""",,"29"" x 28""",medium,no brand detected
table-18x28,"Table - 18""x28""","Table — 18""x28""",,"18""x28""",medium,no brand detected
casters-2-5-set-1,"Casters - 2"" 5 / Set","Casters - 2"" 5 / set — 2""",,"2""",medium,spec inline — not stripped from name; no brand detected
coffee-table-33-x-33-15-height-2,"Coffee Table  33"" x 33"" 15"" Height","Coffee table 33"" x 33"" 15"" height — 33"" x 33""",,"33"" x 33""",medium,spec inline — not stripped from name; no brand detected
end-table-29-x-29-x-16,"End Table - 29"" x 29"" x 16""","End table — 29"" x 29"" x 16""",,"29"" x 29"" x 16""",medium,no brand detected
premium-series-lateral-file-cabinet-2-3-4-5-drawer-1,"Premium Series Lateral File Cabinet (2,3,4 & 5 Drawer)","Premium series lateral file cabinet (2,3,4 & 5 drawer) — 5 drawer",,5 drawer,medium,spec inline — not stripped from name; no brand detected; multi-variant; spec describes option count
desk-double-pedestal,Desk Double Pedestal,Desk double pedestal,,,low,no brand detected; no spec detected — name only
desk-single-pedestal,Desk Single Pedestal,Desk single pedestal,,,low,no brand detected; no spec detected — name only
desk-single-pedestal-1,NEWLAND | DOUBLE PEDESTAL DESK,Newland | double pedestal desk,,,low,no brand detected; no spec detected — name only
desk-l-shape-with-drawers,Desk L-Shape with Drawers,Desk l-shape with drawers,,,low,no brand detected; no spec detected — name only
table-desk-13-colour-options,Table Desk 13 Colour options,Table desk 13 colour options — 13 colour,,13 colour,medium,spec inline — not stripped from name; no brand detected; multi-variant; spec describes option count
u-shape-desk-nlp205,U-Shape Desk NLP205,U-shape desk — NLP205,,NLP205,medium,no brand detected
management-l-shaped-suite-66w-x-72d,"MANAGEMENT ""L"" SHAPED SUITE - 66""W X 72""D","Management ""l"" shaped suite - 66""w x 72""d — 72""",,"72""",medium,spec inline — not stripped from name; no brand detected
indoor-planter,Indoor Planter,Indoor planter,,,low,no brand detected; no spec detected — name only
vion-mesh-high-back-chair-1,VION Mesh High Back Chair,Vion mesh high back chair,,,low,no brand detected; no spec detected — name only
u-shape-height-adjust-desk,U-Shape Height Adjust Desk,U-shape height adjust desk,,,low,no brand detected; no spec detected — name only
high-back-weight-sensing-synchro-tilter,High Back Weight Sensing Synchro-Tilter,High back weight sensing synchro-tilter,,,low,no brand detected; no spec detected — name only
global-accord-back-knee-tilter-chair-1,Global Accord   Back Knee Tilter Chair,Global Accord back knee tilter chair,Global,,medium,no spec detected — name only
high-back-tilter-with-arms,High Back Tilter with Arms,High back tilter with arms,,,low,no brand detected; no spec detected — name only
ashton-high-back-tilter,Ashton | High Back Tilter,Ashton | high back tilter,,,low,no brand detected; no spec detected — name only
altona-high-back-leather-tilter,Altona | High Back Leather Tilter,Altona | high back leather tilter,,,low,no brand detected; no spec detected — name only
tl-high-back-multi-tilter,TL | High Back Multi-Tilter,Tl | high back multi-tilter,,,low,no brand detected; no spec detected — name only
ibex-upholstered-seat-mesh-back-multi-tilter-1,Ibex | Upholstered Seat & Mesh Back Multi-Tilter MVL2803,Ibex | upholstered seat & mesh back multi-tilter — MVL2803,,MVL2803,medium,no brand detected
ibex-mesh-seat-back-multi-tilter-1,Ibex | Mesh Seat & Back Multi-Tilter,Ibex | mesh seat & back multi-tilter,,,low,no brand detected; no spec detected — name only
overtime-350-high-back-heavy-duty-multi-tilter,Overtime 350 | High Back Heavy Duty Multi-Tilter,Overtime 350 | high back heavy duty multi-tilter,,,low,no brand detected; no spec detected — name only
l-shape-height-adjustable-desk-set,L-Shape Height Adjustable Desk Set,L-shape height adjustable desk set,,,low,no brand detected; no spec detected — name only
premium-height-adjustable-table-1,Premium Height Adjustable Table,Premium height adjustable table,,,low,no brand detected; no spec detected — name only
height-adjustable-l-shape-71x71,"Height Adjustable L-Shape 71""x71""","Height adjustable l-shape — 71""x71""",,"71""x71""",medium,no brand detected
dual-sided-height-adjustable-table,Dual Sided Height Adjustable Table,Dual sided height adjustable table,,,low,no brand detected; no spec detected — name only
otg-panels,OTG Panels,Otg panels,,,low,no brand detected; no spec detected — name only
ionic-feet-1-pair,Ionic Feet (1 Pair),Ionic feet (1 pair),,,low,no brand detected; no spec detected — name only
otg-mobile-foot-kit-pack-of-2,OTG | Mobile Foot Kit - Pack of 2,Otg | mobile foot kit - pack of 2,,,low,no brand detected; no spec detected — name only
clamp-on-power-bar-and-usb-charging-station,Clamp-On Power Bar and USB Charging Station,Clamp-on power bar and USB charging station,,,low,no brand detected; no spec detected — name only
charging-station-with-a-clamp,Charging station with a clamp,Charging station with a clamp,,,low,no brand detected; no spec detected — name only; no change needed
vesta-power-tower,Vesta Power Tower,Vesta power tower,,,low,no brand detected; no spec detected — name only
bar-leaner-1-span-collaborative,Bar Leaner 1-Span Collaborative,Bar leaner 1-span collaborative,,,low,no brand detected; no spec detected — name only
bar-height-table,Bar Height Table,Bar height table,,,low,no brand detected; no spec detected — name only
danio-armless-height-adjustable-task-stool,Danio | Armless Height Adjustable Task Stool,Danio | armless height adjustable task stool,,,low,no brand detected; no spec detected — name only
yoho-armless-drafting-task-chair-stool,Yoho | Armless Drafting Task Chair Stool,Yoho | armless drafting task chair stool,,,low,no brand detected; no spec detected — name only
ibex-mesh-back-drafting-stool-task-chair-with-arms,Ibex Mesh Back Drafting Stool Task Chair with Arms,Ibex mesh back drafting stool task chair with arms,,,low,no brand detected; no spec detected — name only
ibex-mesh-seat-back-drafting-chair-stool-1,Ibex | Mesh Seat & Back Drafting Chair Stool,Ibex | mesh seat & back drafting chair stool,,,low,no brand detected; no spec detected — name only
dual-monitor-arm,Dual Monitor Arm,Dual monitor arm,,,low,no brand detected; no spec detected — name only
triple-monitor-arm,Triple Monitor Arm,Triple monitor arm,,,low,no brand detected; no spec detected — name only
keyboard-tray-multi-position,Keyboard Tray Multi Position,Keyboard tray multi position,,,low,no brand detected; no spec detected — name only
keyboard-tray-multi-adjustable,Keyboard Tray Multi Adjustable,Keyboard tray multi adjustable,,,low,no brand detected; no spec detected — name only
jax-keyboard-tray,JAX Keyboard Tray,Jax keyboard tray,,,low,no brand detected; no spec detected — name only
easy-pull-in-out-keyboard-tray,Easy Pull in & Out Keyboard Tray,Easy pull in & out keyboard tray,,,low,no brand detected; no spec detected — name only
robust-high-back-multi-tilter-chair-500lb-weight-capacity-glb74475,Robust High Back Multi-Tilter Chair 500lb Weight Capacity GLB74475,Robust high back multi-tilter chair 500lb weight capacity — GLB74475,,GLB74475,medium,no brand detected
concorde-high-back-executive-multi-tilter-2424,Concorde® High Back Executive Multi-Tilter 2424,Concorde® high back executive multi-tilter — 2424,,2424,medium,no brand detected
granada-deluxe-high-back-multi-tilter-1170-3-2,Granada® Deluxe High Back Multi-Tilter (1170-3),Granada® deluxe high back multi-tilter (1170-3) — 1170-3,,1170-3,medium,spec inline — not stripped from name; no brand detected
global-obusforme-elite-multi-tilter-chair-high-back,Global OBUSforme Elite Multi-Tilter Chair High Back,ObusForme Global elite multi-tilter chair high back,ObusForme,,medium,no spec detected — name only
obusforme-elite-multi-tilter-chair-medium-back,OBUSforme Elite Multi-Tilter Medium Back Chair,ObusForme Elite multi-tilter medium back chair,ObusForme,,medium,no spec detected — name only
basics-ergo-boss-executie-back-multi-tilter-chairs-bao28703,Basics® Ergo Boss™ Executie Back Multi-Tilter Chairs BAO28703,Basics® ergo boss™ executie back multi-tilter chairs — BAO28703,,BAO28703,medium,no brand detected
ergo-boss-high-back-multi-tilter-chair-1,Ergo Boss™ High Back Multi-Tilter Chair,Ergo boss™ high back multi-tilter chair,,,low,no brand detected; no spec detected — name only
echo-3670-3-task-chair,Echo 3670-3 Task Chair,Echo 3670-3 task chair,,,low,no brand detected; no spec detected — name only
echo-medium-back-multi-tilter-3671-3-1,Echo™ Medium Back Multi-Tilter (3671-3),Echo™ medium back multi-tilter (3671-3) — 3671-3,,3671-3,medium,spec inline — not stripped from name; no brand detected
loover-high-back-synchro-tilter,Loover High Back Synchro Tilter,Loover high back synchro tilter,,,low,no brand detected; no spec detected — name only
loover-medium-back-synchro-tilter-chair,Loover Medium Back Synchro Tilter Chair,Loover medium back synchro tilter chair,,,low,no brand detected; no spec detected — name only
elora-multi-tilter-high-back-chair-black-baomvl1893,ELORA Multi-Tilter High Back Chair Black BAOMVL1893,Elora multi-tilter high back chair black — BAOMVL1893,,BAOMVL1893,medium,no brand detected
six-31-medium-back-multi-tilter-glbotg11631b,Six 31 | Medium Back Multi-Tilter  GLBOTG11631B,Six 31 | medium back multi-tilter — GLBOTG11631B,,GLBOTG11631B,medium,no brand detected
overtime-high-back-multi-tilter-chair-mvl2756,Overtime | High Back Multi-Tilter Chair MVL2756,Overtime | high back multi-tilter chair — MVL2756,,MVL2756,medium,no brand detected
six-13-medium-back-multi-tilter,Six 13 | Medium Back Multi-Tilter,Six 13 | medium back multi-tilter,,,low,no brand detected; no spec detected — name only
lumi-high-back-synchro-tilter-chair,Lumi | High Back Synchro-Tilter Chair,Lumi | high back synchro-tilter chair,,,low,no brand detected; no spec detected — name only
format-high-back-synchro-tilter-with-adjustable-headrest-chair-mvl3192,Format | High Back Synchro-Tilter with Adjustable Headrest Chair MVL3192,Format | high back synchro-tilter with adjustable headrest chair — MVL3192,,MVL3192,medium,no brand detected
format-high-mesh-back-synchro-tilter,Format | High Mesh Back Synchro-Tilter,Format | high mesh back synchro-tilter,,,low,no brand detected; no spec detected — name only
l-shape-desk-hutch,L-Shape Desk & Hutch,L-shape desk & hutch,,,low,no brand detected; no spec detected — name only
l-shape-loop-leg-desk,L-Shape Loop Leg Desk,L-shape loop leg desk,,,low,no brand detected; no spec detected — name only
stacking-chair-duet-glb6621,Stacking Chair Duet GLB6621,Stacking chair duet — GLB6621,,GLB6621,medium,no brand detected
stacking-chair-popcorn-6711,Stacking Chair Popcorn 6711,Stacking chair popcorn — 6711,,6711,medium,no brand detected
stacking-chair-sonic-6508,Stacking Chair Sonic 6508,Stacking chair sonic — 6508,,6508,medium,no brand detected
stacking-chair-sas-10-plus-colours,Stacking Chair SAS (10 Plus Colours),Stacking chair sas (10 plus colours),,,low,no brand detected; no spec detected — name only
guest-chair-6960-moda,Guest Chair 6960 Moda,Guest chair 6960 moda,,,low,no brand detected; no spec detected — name only
overtime-350-high-back-heavy-duty-multi-tilter-mvl13040,Overtime 350 | High Back Heavy Duty Multi-Tilter MVL13040,Overtime 350 | high back heavy duty multi-tilter — MVL13040,,MVL13040,medium,no brand detected
bookcase-metal-2-size-options,Bookcase Metal 2 Size options,Bookcase metal 2 size options — 2 size,,2 size,medium,spec inline — not stripped from name; no brand detected; multi-variant; spec describes option count
sit-stand-adjustable-desk-riser-32-wide,"Sit Stand Adjustable Desk Riser 32"" Wide","Sit stand adjustable desk riser 32"" wide — 32""",,"32""",medium,spec inline — not stripped from name; no brand detected
sit-stand-fellowes-lotus-dual-arm-not-included,Sit Stand Fellowes Lotus (Dual Arm not included),Sit stand fellowes lotus (dual arm not included),,,low,no brand detected; no spec detected — name only
gas-lift-monitor-riser,Gas Lift Monitor Riser,Gas lift monitor riser,,,low,no brand detected; no spec detected — name only
lotus-dx-sit-stand-workstation-dual-monitor-arm-extra,Lotus DX Sit-Stand Workstation (Dual Monitor Arm Extra),Lotus dx sit-stand workstation (dual monitor arm extra),,,low,no brand detected; no spec detected — name only
teknion-glass-walls,Teknion Glass Walls,Teknion Glass walls,Teknion,,medium,no spec detected — name only
soft-pods,Soft Pods,Soft pods,,,low,no brand detected; no spec detected — name only
reception-unit-72x72,"L shape Reception Unit 72""x72"" 15B","L shape reception unit 72""x72"" 15B — 72""x72""",,"72""x72""",medium,spec inline — not stripped from name; no brand detected
end-table-chrome,End Table Chrome,End table — Chrome,,Chrome,medium,no brand detected
coffee-table-chrome,Coffee Table Chrome,Coffee table — Chrome,,Chrome,medium,no brand detected
round-table-glass-top,Round Table Glass Top,Round table glass top,,,low,no brand detected; no spec detected — name only
round-table-glass-top-1,Round Table Glass Top,Round table glass top,,,low,no brand detected; no spec detected — name only
coffee-table,Coffee Table,Coffee table,,,low,no brand detected; no spec detected — name only
end-table-glass-top,End Table Glass Top,End table glass top,,,low,no brand detected; no spec detected — name only
freefit-benching-height-adjustable-176w-x-62-5d-ffhab506-2,"FreeFit™ Benching Height Adjustable 176""W x 62.5""D (FFHAB506)","Freefit™ benching height adjustable 176""w x 62.5""d (ffhab506) — FFHAB506",,FFHAB506,medium,spec inline — not stripped from name; no brand detected
upscale-meeting-boardroom-tables-3-sizes-8-colours,"Upscale Meeting / Boardroom Tables 3 Sizes, 8 Colours","Upscale meeting / boardroom tables 3 sizes, 8 colours — 3 sizes",,3 sizes,medium,spec inline — not stripped from name; no brand detected; multi-variant; spec describes option count
upscale-table-1,UPSCALE Table,Upscale table,,,low,no brand detected; no spec detected — name only
kody-mesh-chair-otg13110,Kody Mesh Chair OTG13110,Kody mesh chair — OTG13110,,OTG13110,medium,no brand detected
otgma2-dual-monitor-arm,OTGMA2 Dual Monitor Arm,OTGMA2 dual monitor arm,,,low,no brand detected; no spec detected — name only
wind-lounge-seating,Wind Lounge Seating,Wind lounge seating,,,low,no brand detected; no spec detected — name only
ml-series-lounge-chair,ML Series Lounge Chair,Ml series lounge chair,,,low,no brand detected; no spec detected — name only
ml-bar-stool,ML Bar Stool,Ml bar stool,,,low,no brand detected; no spec detected — name only
planters,Planters,Planters,,,low,no brand detected; no spec detected — name only; no change needed
banquet-chair-stacking,Banquet Chair Stacking,Banquet chair stacking,,,low,no brand detected; no spec detected — name only
outdoor-park-benches,Outdoor Park Benches,Outdoor park benches,,,low,no brand detected; no spec detected — name only
recycled-plastic-picnic-tables,Recycled Plastic Picnic Tables,Recycled plastic picnic tables,,,low,no brand detected; no spec detected — name only
outdoor-steel-bench,Outdoor Steel Bench,Outdoor steel bench,,,low,no brand detected; no spec detected — name only
round-table-29-high,"Round Table 29"" High","Round table 29"" high — 29""",,"29""",medium,spec inline — not stripped from name; no brand detected
lounge-seating-3-sizes-suburb,Lounge Seating 3 sizes Suburb,Lounge seating 3 sizes suburb — 3 sizes,,3 sizes,medium,spec inline — not stripped from name; no brand detected; multi-variant; spec describes option count
boulevard-system-3,Boulevard System 3,Boulevard system 3,,,low,no brand detected; no spec detected — name only
diet,Diet,Diet,,,low,no brand detected; no spec detected — name only; no change needed
teknion-zones,Teknion Zones,Teknion Zones,Teknion,,medium,no spec detected — name only; no change needed
table-round-height-adjustable,Table Round Height Adjustable,Table round height adjustable,,,low,no brand detected; no spec detected — name only
horseshoe-study-table-height-adjustable-c-shape-horseshoe-1,Horseshoe Study Table Height Adjustable C-Shape Horseshoe,Horseshoe study table height adjustable c-shape horseshoe,,,low,no brand detected; no spec detected — name only
pod-phone-booths,POD Phone Booths,Pod phone booths,,,low,no brand detected; no spec detected — name only
medicine-wheel-table-indigenous,Medicine Wheel Table Indigenous,Medicine wheel table indigenous,,,low,no brand detected; no spec detected — name only
ultima-adjustable-stool,Ultima Adjustable Stool,Ultima adjustable stool,,,low,no brand detected; no spec detected — name only
metal-desk-laminate-top,Metal Desk Laminate Top,Metal desk laminate top,,,low,no brand detected; no spec detected — name only
indestructible-ryno-furniture,Indestructible Ryno Furniture,Indestructible ryno furniture,,,low,no brand detected; no spec detected — name only
sonoma,Sonoma,Sonoma,,,low,no brand detected; no spec detected — name only; no change needed
ryno-patio-furniture-waterproof-polyethylene,Ryno Patio Furniture Waterproof Polyethylene,Ryno patio furniture waterproof polyethylene,,,low,no brand detected; no spec detected — name only
foundations-sport-splash-quad-strollers,"Foundations Sport Splash, Quad Strollers","Foundations sport splash, quad strollers",,,low,no brand detected; no spec detected — name only
willow-bariatric-chair,Willow Bariatric Chair,Willow bariatric chair,,,low,no brand detected; no spec detected — name only
sidero-1,SIDERO,Sidero,,,low,no brand detected; no spec detected — name only
terina-training-tables-rectangular-table-8-sizes,Terina™ Training Tables Rectangular Table 8 Sizes,Terina™ training tables rectangular table — 8 sizes,,8 sizes,medium,no brand detected; multi-variant; spec describes option count
training-flip-top-tables-1,Training Flip Top Tables,Training flip top tables,,,low,no brand detected; no spec detected — name only
ibex-upholstered-seat-mesh-back-tilter-chair-mvl2801,IBEX Upholstered Seat & Mesh Back Tilter Chair MVL2804,Ibex upholstered seat & mesh back tilter chair — MVL2804,,MVL2804,medium,no brand detected
height-adjustable-l-shape-table,Premium Height Adjustable L-Shape Table,Premium height adjustable l-shape table,,,low,no brand detected; no spec detected — name only
height-adjustable-table-5-sizes,Electric Height Adjustable Sit to Stand Desks,Electric height adjustable sit to stand desks,,,low,no brand detected; no spec detected — name only
desk-single-pedestal-bbf,Desk Single Pedestal BBF,Desk single pedestal bbf,,,low,no brand detected; no spec detected — name only
sit2stand-series-sit-stand-workstation,Sit2Stand Series Sit-Stand Workstation,Sit2stand series sit-stand workstation,,,low,no brand detected; no spec detected — name only
agile-double-sided-8-pod-height-adjustable-shared-desk,Agile Double Sided 8-Pod Height Adjustable Shared Desk,Agile double sided 8-pod height adjustable shared desk,,,low,no brand detected; no spec detected — name only
screenflex-5-panel-mobile-light-duty-portable-room-divider-65h-x-95w-fabric-color-stone,"Screenflex 5 Panel Mobile Light-Duty Portable Room Divider, 6'5""H x 9'5""W, Fabric Color: Stone","Screenflex 5 panel mobile light-duty portable room divider, 6'5""h x 9'5""w, fabric color: stone — 5""",,"5""",medium,spec inline — not stripped from name; no brand detected
zira-workstation-3-person,Zira Workstation 3 Person,Zira workstation 3 person,,,low,no brand detected; no spec detected — name only
u-shape-height-adjustable-desk-suite-zira,U-Shape Height Adjustable Desk Suite Zira,U-shape height adjustable desk suite zira,,,low,no brand detected; no spec detected — name only
6-person-workstation-chairs-bridges,6 Person Workstation & Chairs Bridges,6 person workstation & chairs bridges,,,low,no brand detected; no spec detected — name only
bow-front-desk-72x42,"Bow Front Desk 72""X42""","Bow front desk — 72""X42""",,"72""X42""",medium,no brand detected
soho-desk-single-pedestal-2-sizes,SOHO Desk Single Pedestal 2 sizes,Soho desk single pedestal — 2 sizes,,2 sizes,medium,no brand detected; multi-variant; spec describes option count
oci-platinum-monitor-arms,OCI Platinum Monitor Arms,Oci platinum monitor arms,,,low,no brand detected; no spec detected — name only
folding-chair-plastic-4-pack,Folding Chair-Plastic 4/Pack,Folding chair-plastic 4/pack,,,low,no brand detected; no spec detected — name only
folding-table-36-bt36-resin,"Folding Table 36"" BT36 Resin","Folding table 36"" BT36 resin — 36""",,"36""",medium,spec inline — not stripped from name; no brand detected
lockers-single-tier-assembled,Lockers Single Tier (Assembled),Lockers single tier (assembled),,,low,no brand detected; no spec detected — name only
lockers-2-tier-assembled,Lockers 2 Tier (Assembled),Lockers 2 tier (assembled),,,low,no brand detected; no spec detected — name only
lockerettes-6-tier-bank-of-3-36-x-18-x-72-steel-grey-rivet-assembled,"Lockerettes, 6 -tier, Bank of 3, 36"" x 18"" x 72"", Steel, Grey, Rivet (Assembled)","Lockerettes, 6 -tier, bank of 3, 36"" x 18"" x 72"", steel, grey, rivet (assembled) — 36"" x 18"" x 72""",,"36"" x 18"" x 72""",medium,spec inline — not stripped from name; no brand detected
beta-armless-posture-task-drafting-stool-mvl2718,Beta | Armless Posture Task Drafting Stool MVL2718,Beta | armless posture task drafting stool — MVL2718,,MVL2718,medium,no brand detected
credenza-60x20,"Credenza 60""x20""","Credenza — 60""x20""",,"60""x20""",medium,no brand detected
lectern-podium,Lectern Podium,Lectern podium,,,low,no brand detected; no spec detected — name only
lectern-storage-stand,Lectern Storage Stand,Lectern storage stand,,,low,no brand detected; no spec detected — name only
drafting-table,Drafting Table,Drafting table,,,low,no brand detected; no spec detected — name only
drafting-table-safco-vista-drawing-table,Drafting Table Safco Vista Drawing Table,Drafting table safco vista drawing table,,,low,no brand detected; no spec detected — name only
drafting-table-precision-table-2-sizes,Drafting Table Precision Table  2 Sizes,Drafting table precision table — 2 sizes,,2 sizes,medium,no brand detected; multi-variant; spec describes option count
scoot-multi-purpose-lectern-8922bl-1,Scoot™ Multi-Purpose Lectern 8922BL,Scoot™ multi-purpose lectern — 8922BL,,8922BL,medium,no brand detected
impromptu-lectern-1,Impromptu® Lectern,Impromptu® lectern,,,low,no brand detected; no spec detected — name only
drafting-table-custom,Drafting Table Custom,Drafting table custom,,,low,no brand detected; no spec detected — name only
felt-sound-dampeners,Felt Sound Dampeners,Felt sound dampeners,,,low,no brand detected; no spec detected — name only
stream-armchair-polypropylene-seat-back-2075app-1,"Stream™ Armchair, Polypropylene Seat & Back (2075APP)","Stream™ armchair, polypropylene seat & back (2075app) — 2075APP",,2075APP,medium,spec inline — not stripped from name; no brand detected
stream-armless-chair-polypropylene-seat-back-2075app,"Stream™ Armless Chair, Polypropylene Seat & Back 2075APP","Stream™ armless chair, polypropylene seat & back — 2075APP",,2075APP,medium,no brand detected
rebound-armchair-polypropylene-seat-1,"Rebound™ Armchair, Polypropylene Seat","Rebound™ armchair, polypropylene seat",,,low,no brand detected; no spec detected — name only
flap-folding-chair-6775-1,Flap™ Folding Chair (6775),Flap™ folding chair (6775) — 6775,,6775,medium,spec inline — not stripped from name; no brand detected
privacy-desk-top-dividers,Privacy Desk Top Dividers,Privacy desk top dividers,,,low,no brand detected; no spec detected — name only
desk-top-dividers,Desk Top Dividers,Desk top dividers,,,low,no brand detected; no spec detected — name only
desk-top-divider-divide,Desk Top Divider DIVIDE,Desk top divider divide,,,low,no brand detected; no spec detected — name only
bookcase-31-5-wide-x-13-75-deep,"Bookcase 32"" Wide x 14"" Deep","Bookcase 32"" wide x 14"" deep — 14""",,"14""",medium,spec inline — not stripped from name; no brand detected
bookcase,Bookcase,Bookcase,,,low,no brand detected; no spec detected — name only; no change needed
bookcase-15-sizes-available,Bookcase (15 Sizes Available),Bookcase (15 sizes available) — 15 sizes,,15 sizes,medium,spec inline — not stripped from name; no brand detected; multi-variant; spec describes option count
power-station-with-3-outlets-and-2-usb,Power Station with 3 Outlets and 2 USB,Power station with 3 outlets and 2 USB,,,low,no brand detected; no spec detected — name only
sidero-guest-chair-28-colour-options,Sidero Guest Chair 28 Colour Options,Sidero guest chair 28 colour options — 28 colour,,28 colour,medium,spec inline — not stripped from name; no brand detected; multi-variant; spec describes option count
canopy-seating,Canopy Seating,Canopy seating,,,low,no brand detected; no spec detected — name only
tower-charging-station-with-usb-ports-2-colour-options,Tower Charging Station with USB ports. 2 Colour options.,Tower charging station with USB ports. 2 colour options. — 2 colour,,2 colour,medium,spec inline — not stripped from name; no brand detected; multi-variant; spec describes option count
drift-seating,Drift Seating,Drift seating,,,low,no brand detected; no spec detected — name only
untethered-go-further-go-anywhere-by-teknion,"Untethered: go further, go anywhere by: Teknion","Teknion Untethered: go further, go anywhere by:",Teknion,,medium,no spec detected — name only
ranger-steel-4-post-table-42-w-x-30-d,Ranger Steel 4-Post Table 42”W x 30”D,Ranger steel 4-post table 42”w x 30”d,,,low,no brand detected; no spec detected — name only
ranger-steel-4-post-table-42-w-x-30-d-with-drawer-safco,Ranger Steel 4-Post Table 42”W x 30”D with Drawer SAFCO,Ranger steel 4-post table 42”w x 30”d with drawer safco,,,low,no brand detected; no spec detected — name only
full-time-chair-mvl2900,Full Time Chair MVL2900,Full time chair — MVL2900,,MVL2900,medium,no brand detected
regalia-task-mesh-chair-otg10892,Regalia Task Mesh Chair OTG10892,Regalia task mesh chair — OTG10892,,OTG10892,medium,no brand detected
bolt-mesh-back-tilter-otg11510b,Bolt | Mesh Back Tilter OTG11510B,Bolt | mesh back tilter — OTG11510B,,OTG11510B,medium,no brand detected
otg10740-masi-high-back-tilter,OTG10740 Masi | High Back Tilter,OTG10740 masi | high back tilter,,,low,no brand detected; no spec detected — name only
sit-stand-1,Sit Stand,Sit stand,,,low,no brand detected; no spec detected — name only
safco-2130sl-desk-mount-for-monitor-keyboard,"Safco 2130SL Desk Mount for Monitor, Keyboard","Safco 2130SL desk mount for monitor, keyboard",,,low,no brand detected; no spec detected — name only
coffee-table-seating,Coffee Table & Seating,Coffee table & seating,,,low,no brand detected; no spec detected — name only
craft-cube-square-unit,Craft Cube | Square Unit,Craft cube | square unit,,,low,no brand detected; no spec detected — name only
fellowes-lotus-dual-monitor-arm-kit-2-display-s-supported27-arm-only-fel8042901,"Fellowes Lotus™ Dual Monitor Arm Kit - 2 Display(s) Supported27"" (Arm only) FEL8042901","Fellowes lotus™ dual monitor arm kit - 2 display(s) supported27"" (arm only) — FEL8042901",,FEL8042901,medium,no brand detected
fellowes-array-ceiling-ac2-air-purifier,Fellowes Array® Ceiling AC2 Air Purifier,Fellowes array® ceiling AC2 air purifier,,,low,no brand detected; no spec detected — name only
fellowes-array-recess-ar-air-purifier-1,Fellowes Array™ Recess AR Air Purifier,Fellowes array™ recess ar air purifier,,,low,no brand detected; no spec detected — name only
fellowes-array-wall-stand-air-purification,Fellowes Array Wall & Stand Air Purification,Fellowes array wall & stand air purification,,,low,no brand detected; no spec detected — name only
array-stand-as-air-purifier-1,Array™ Stand AS Air Purifier,Array™ stand as air purifier,,,low,no brand detected; no spec detected — name only
aeramax-air-purifier-true-hepa-plasmatrue-1,"AeraMax® Air Purifier - True HEPA, PlasmaTrue","Aeramax® air purifier - true hepa, plasmatrue",,,low,no brand detected; no spec detected — name only
caster-options,Caster Options,Caster options,,,low,no brand detected; no spec detected — name only
mvl11860-stradic-mesh-back-tilter,MVL11860 Stradic | Mesh Back Tilter,MVL11860 stradic | mesh back tilter,,,low,no brand detected; no spec detected — name only
otg13026-safari-medium-mesh-back-tilter-chair,OTG13026 Safari | Medium Mesh Back Tilter Chair,OTG13026 safari | medium mesh back tilter chair,,,low,no brand detected; no spec detected — name only
atlas-sit-to-stand-height-adjustable-desk,Atlas Sit to Stand Height Adjustable Desk,Atlas sit to stand height adjustable desk,,,low,no brand detected; no spec detected — name only
mobile-drawer-unit-with-locks-inv-mpuf,Mobile Drawer Unit with Locks INV-MPUF,Mobile drawer unit with locks inv-mpuf,,,low,no brand detected; no spec detected — name only
roma-1900-nesting-chair,Roma 1900 Nesting Chair,Roma 1900 nesting chair,,,low,no brand detected; no spec detected — name only
factor-mesh-back-armchair-casters-5545amc-1,"Factor™ Mesh Back Armchair, Casters (5545AMC)","Factor™ mesh back armchair, casters (5545amc) — 5545AMC",,5545AMC,medium,spec inline — not stripped from name; no brand detected
u-shape-d-top-workstation,U-Shape D-Top Workstation,U-shape d-top workstation,,,low,no brand detected; no spec detected — name only
factor-mesh-seating,Factor Mesh Seating,Factor mesh seating,,,low,no brand detected; no spec detected — name only
factor-mesh-seating-stool,Factor Mesh Seating Stool,Factor mesh seating stool,,,low,no brand detected; no spec detected — name only
storage-cabinet-credenza-72w-x-24d,"Storage Cabinet Credenza, 72""W x 24""D","Storage cabinet credenza, 72""w x 24""d — 24""",,"24""",medium,spec inline — not stripped from name; no brand detected
credenza-sliding-doors,Credenza Sliding Doors,Credenza sliding doors,,,low,no brand detected; no spec detected — name only
wardrobe-with-lock,Wardrobe with Lock,Wardrobe with lock,,,low,no brand detected; no spec detected — name only
storage-wardrobe-unit,Storage Wardrobe Unit,Storage wardrobe unit,,,low,no brand detected; no spec detected — name only
storage-right-ff-sc-left-wardrobe,STORAGE / RIGHT FF & SC / LEFT WARDROBE,Storage / right ff & sc / left wardrobe,,,low,no brand detected; no spec detected — name only
desk-lamp-5-30-w-led-bulb-adjustable-metal-acrylic-desk-mountable,"Desk Lamp - 5.30 W LED Bulb - Adjustable - Metal, Acrylic - Desk Mountable","Desk lamp - 5.30 w LED bulb - adjustable - metal, acrylic - desk mountable",,,low,no brand detected; no spec detected — name only
led-desk-lamp-with-wireless-charger-led,LED Desk Lamp with Wireless Charger - LED,LED desk lamp with wireless charger - LED,,,low,no brand detected; no spec detected — name only
led-desk-lamp-with-usb-and-night-light,LED Desk Lamp with USB and Night Light,LED desk lamp with USB and night light,,,low,no brand detected; no spec detected — name only
desk-power-grommet,Desk Power Grommet,Desk power grommet,,,low,no brand detected; no spec detected — name only
sphere-power,SPHERE Power,Sphere power,,,low,no brand detected; no spec detected — name only
loop-leg-table,LOOP Leg Table,Loop leg table,,,low,no brand detected; no spec detected — name only
taper-leg-table,Taper Leg Table,Taper leg table,,,low,no brand detected; no spec detected — name only
workway-planters,WORKWAY Planters,Workway planters,,,low,no brand detected; no spec detected — name only
napa-boardroom-conference-table,Napa Boardroom Conference Table,Napa boardroom conference table,,,low,no brand detected; no spec detected — name only
gaming-chair,Gaming Chair,Gaming chair,,,low,no brand detected; no spec detected — name only
xplorer-51-gaming-chair,XPlorer 51 Gaming Chair,Xplorer 51 gaming chair,,,low,no brand detected; no spec detected — name only
pneumatic-height-adjustable-table,Pneumatic Height Adjustable Table,Pneumatic height adjustable table,,,low,no brand detected; no spec detected — name only
anda-seat-phantom-king-gaming-style-office-chair,Anda Seat Phantom King Gaming Style Office Chair,Anda seat phantom king gaming style office chair,,,low,no brand detected; no spec detected — name only
u-shaped-suite-with-table-desk-72w-x-96d,"""U"" Shaped Suite with Table Desk - 72""W x 96""D","""u"" shaped suite with table desk - 72""w x 96""d — 96""",,"96""",medium,spec inline — not stripped from name; no brand detected
u-shaped-suite-with-rectangular-island,"""U"" SHAPED SUITE WITH RECTANGULAR ISLAND NLP324","""u"" shaped suite with rectangular island — NLP324",,NLP324,medium,no brand detected
management-u-shaped-suite-72w-x-102d,"Management ""U"" Shaped Suite - 72""W x 102""D","Management ""u"" shaped suite - 72""w x 102""d — 102""",,"102""",medium,spec inline — not stripped from name; no brand detected
single-pedestal-desk-60w-x-30d,"Single Pedestal Desk - 60""W x 30""D","Single pedestal desk - 60""w x 30""d — 30""",,"30""",medium,spec inline — not stripped from name; no brand detected
u-shaped-desk-72w-x-96d,"""U"" Shaped Desk - 72""W x 96""D","""u"" shaped desk - 72""w x 96""d — 96""",,"96""",medium,spec inline — not stripped from name; no brand detected
l-shaped-desk-with-double-pedestals-72w-x-78d,"""L"" Shaped Desk with Double Pedestals - 72""W x 78""D","""l"" shaped desk with double pedestals - 72""w x 78""d — 78""",,"78""",medium,spec inline — not stripped from name; no brand detected
l-shaped-desk-with-single-pedestal-60w-x-72d,"""L"" Shaped Desk with Single Pedestal - 60""W x 72""D","""l"" shaped desk with single pedestal - 60""w x 72""d — 72""",,"72""",medium,spec inline — not stripped from name; no brand detected
u-shaped-desk-with-3-stage-height-adjustable-table,"""U"" Shaped Desk with 3-Stage Height Adjustable Table","""u"" shaped desk with 3-stage height adjustable table",,,low,no brand detected; no spec detected — name only
management-u-shaped-suite-with-3-stage-height-adjustable-table,"Management ""U"" Shaped Suite with 3-Stage Height Adjustable Table","Management ""u"" shaped suite with 3-stage height adjustable table",,,low,no brand detected; no spec detected — name only
executive-suites-height-adjustable-desk,Executive Suites Height Adjustable Desk,Executive suites height adjustable desk,,,low,no brand detected; no spec detected — name only
vertical-file-2-drawer-letter,Vertical File 2 Drawer Letter,Vertical file 2 drawer letter — 2 drawer,,2 drawer,medium,spec inline — not stripped from name; no brand detected; multi-variant; spec describes option count
2-drawer-legal-width-vertical-file,2 Drawer Legal Width Vertical File,2 drawer legal width vertical file — 2 drawer,,2 drawer,medium,spec inline — not stripped from name; no brand detected; multi-variant; spec describes option count
4-drawer-letter-width-vertical-file,4 Drawer Letter Width Vertical File,4 drawer letter width vertical file — 4 drawer,,4 drawer,medium,spec inline — not stripped from name; no brand detected; multi-variant; spec describes option count
4-drawer-legal-width-vertical-file,4 Drawer Legal Width Vertical File,4 drawer legal width vertical file — 4 drawer,,4 drawer,medium,spec inline — not stripped from name; no brand detected; multi-variant; spec describes option count
pedestal-file-file-with-or-without-wheels,Pedestal - File/File (With or without wheels),Pedestal - file/file (with or without wheels),,,low,no brand detected; no spec detected — name only
tucana-elite-training-nesting-tables,Tucana Elite Training Nesting Tables,Tucana elite training nesting tables,,,low,no brand detected; no spec detected — name only
marche-guest-chair,Marche Guest Chair,Marche guest chair,,,low,no brand detected; no spec detected — name only
marche-guest-chair-copy,Marche Guest Chair,Marche guest chair,,,low,no brand detected; no spec detected — name only
marche-guest-chair-8622,Marche Guest Chair 8622,Marche guest chair — 8622,,8622,medium,no brand detected
the-erin-armless-chair-wood-legs-gc36530,"The Erin Armless Chair, Wood Legs (GC36530)","The erin armless chair, wood legs (gc36530) — GC36530",,GC36530,medium,spec inline — not stripped from name; no brand detected
the-twilight-armchair-wood-veneer-back-2198ws,"The Twilight Armchair, Wood Veneer Back (2198WS)","The twilight armchair, wood veneer back (2198ws) — 2198WS",,2198WS,medium,spec inline — not stripped from name; no brand detected
kate-medium-back-armchair-2813,Kate Medium Back Armchair (2813),Kate medium back armchair (2813) — 2813,,2813,medium,spec inline — not stripped from name; no brand detected
rebound-armchair-upholstered-seat-r5apug,"Rebound™ Armchair, Upholstered Seat (R5APUG)","Rebound™ armchair, upholstered seat (r5apug) — R5APUG",,R5APUG,medium,spec inline — not stripped from name; no brand detected
dual-coloured-bookcase-15-sizes-available,Dual Coloured Bookcase (15 Sizes Available),Dual coloured bookcase (15 sizes available) — 15 sizes,,15 sizes,medium,spec inline — not stripped from name; no brand detected; multi-variant; spec describes option count
multi-storage-cabinet-93365msl,Multi-Storage Cabinet 93365MSL,Multi-storage cabinet — 93365MSL,,93365MSL,medium,no brand detected
prime-multi-storage-cabinet-lateral-file,Prime Multi-Storage Cabinet / Lateral File,Prime multi-storage cabinet / lateral file,,,low,no brand detected; no spec detected — name only
prime-49-6h-two-file-multi-stor-cabinet-36w-x-18d-one-adjustable-shelf-gucc41g1836p,"Prime™ 49.6""H Two File Multi-Stor Cabinet, 36""W x 18""D - One Adjustable Shelf (GUCC41G1836P)","Prime™ 49.6""h two file multi-stor cabinet, 36""w x 18""d - one adjustable shelf (gucc41g1836p) — GUCC41G1836P",,GUCC41G1836P,medium,spec inline — not stripped from name; no brand detected
innovations-double-pedestal-desk-bf-bf-5-sizes-8-colours,"INNOVATIONS Double Pedestal Desk bf/bf 5 Sizes, 8 Colours","Innovations double pedestal desk bf/bf 5 sizes, 8 colours — 5 sizes",,5 sizes,medium,spec inline — not stripped from name; no brand detected; multi-variant; spec describes option count
hideaway-storage-cabinet-1,Hideaway Storage Cabinet,Hideaway storage cabinet,,,low,no brand detected; no spec detected — name only
two-stage-electric-height-adjustable-table,Two-Stage Electric Height Adjustable Table,Two-stage electric height adjustable table,,,low,no brand detected; no spec detected — name only
mobile-pedestal-drawer-box-file,Mobile Pedestal Drawer Box/File,Mobile pedestal drawer box/file,,,low,no brand detected; no spec detected — name only
raven-high-back-heavy-duty-synchro-tilter-chair-otg10703b,Raven High Back Heavy Duty Synchro-Tilter Chair OTG10703B,Raven high back heavy duty synchro-tilter chair — OTG10703B,,OTG10703B,medium,no brand detected
delivery-charge-85-00,Delivery Charge $85.00,Delivery charge $85. — 00,,00,medium,no brand detected
l-shape-desk-8-sizes-9-colour-options-1,L-Shape Desk (8 Sizes & 9 Colour options),L-shape desk (8 sizes & 9 colour options) — 8 sizes,,8 sizes,medium,spec inline — not stripped from name; no brand detected; multi-variant; spec describes option count
l-shape-desk-8-sizes-9-colour-options-2,L-Shape Desk (8 Sizes & 9 Colour options),L-shape desk (8 sizes & 9 colour options) — 8 sizes,,8 sizes,medium,spec inline — not stripped from name; no brand detected; multi-variant; spec describes option count
installation475,Installation475,Installation475,,,low,no brand detected; no spec detected — name only; no change needed
l-shape-desk-8-sizes-9-colour-options,L-Shape Desk (8 Sizes & 9 Colour options),L-shape desk (8 sizes & 9 colour options) — 8 sizes,,8 sizes,medium,spec inline — not stripped from name; no brand detected; multi-variant; spec describes option count
installation1000,Installation1000,Installation1000,,,low,no brand detected; no spec detected — name only; no change needed
chevron-ultra-high-back-multi-tilter-chair-high-back-bao11203-1,Chevron Ultra High Back Multi-Tilter Chair - High Back BAO11203,Chevron ultra high back multi-tilter chair - high back — BAO11203,,BAO11203,medium,no brand detected
pacific-high-back-tilter,Pacific High Back Tilter MVL11870,Pacific high back tilter — MVL11870,,MVL11870,medium,no brand detected
basics-comfort-time-ultra-multi-tilter-chair-with-headrest,Basics Comfort-Time Ultra Multi-Tilter Chair with Headrest,Basics comfort-time ultra multi-tilter chair with headrest,,,low,no brand detected; no spec detected — name only
comfort-time-ultra-petit-seat-multi-tilter-chair-high-back-baomvl1880g5,Comfort-Time Ultra Petit Seat Multi-Tilter Chair High Back BAOMVL1880G5,Comfort-time ultra petit seat multi-tilter chair high back — BAOMVL1880G5,,BAOMVL1880G5,medium,no brand detected
trent-tilter-chair-high-back-bonded-leather-2717-4,Trent Tilter Chair High Back Bonded Leather 2717-4,Trent tilter chair high back bonded leather — 2717-4,,2717-4,medium,no brand detected
zune-tilter-chair-black-fabric-seat-plastic-mesh-back-medium-back-otg11751b,"Zune Tilter Chair - Black Fabric Seat - Plastic, Mesh Back - Medium Back OTG11751B","Zune tilter chair - black fabric seat - plastic, mesh back - medium back — OTG11751B",,OTG11751B,medium,no brand detected
sparrow-otg10920-guest-chair,Sparrow OTG10920 Guest Chair,Sparrow OTG10920 guest chair,,,low,no brand detected; no spec detected — name only
levels-suite,Levels Suite,Levels suite,,,low,no brand detected; no spec detected — name only
the-corby-collection,The Corby Collection,The corby collection,,,low,no brand detected; no spec detected — name only
teknion-chronicle,Teknion Chronicle,Teknion Chronicle,Teknion,,medium,no spec detected — name only; no change needed
teknion-expansion,Teknion Expansion,Teknion Expansion,Teknion,,medium,no spec detected — name only; no change needed
teknion-byward,"Teknion ""Byward""","Teknion ""byward""",Teknion,,medium,no spec detected — name only
teknion-ac-executive,"Teknion ""AC Executive""","Teknion ""ac executive""",Teknion,,medium,no spec detected — name only
teknion-ac-boardroom,"Teknion ""AC Boardroom""","Teknion ""ac boardroom""",Teknion,,medium,no spec detected — name only
teknion-lounge,"Teknion ""Lounge""","Teknion ""lounge""",Teknion,,medium,no spec detected — name only
teknion-boardroom,"Teknion ""Boardroom""","Teknion ""boardroom""",Teknion,,medium,no spec detected — name only
teknion-seating,Teknion Seating,Teknion Seating,Teknion,,medium,no spec detected — name only; no change needed
partitions-66-high,"Partitions 66"" High","Partitions 66"" high — 66""",,"66""",medium,spec inline — not stripped from name; no brand detected
partitions-66-high-2-offices-1,"Partitions 66"" High 2 Offices","Partitions 66"" high 2 offices — 66""",,"66""",medium,spec inline — not stripped from name; no brand detected
partitions-66-high-3-offices-1,"Partitions 66"" High 3 Offices","Partitions 66"" high 3 offices — 66""",,"66""",medium,spec inline — not stripped from name; no brand detected
partitions-66-high-6-offices,"Partitions 66"" High 6 Offices","Partitions 66"" high 6 offices — 66""",,"66""",medium,spec inline — not stripped from name; no brand detected
credenza-storage-hutch,Credenza Storage & Hutch,Credenza storage & hutch,,,low,no brand detected; no spec detected — name only
basics-elora-chair-high-back-black-leather-luxhide-mvl1893upu30bl20,"Basics Elora Chair - High Back - Black - Leather, Luxhide MVL1893UPU30BL20","Basics elora chair - high back - black - leather, luxhide — MVL1893UPU30BL20",,MVL1893UPU30BL20,medium,no brand detected
planter,Planter,Planter,,,low,no brand detected; no spec detected — name only; no change needed
shoptech-097-pc1000,Shoptech 097–PC1000,Shoptech 097– — PC1000,,PC1000,medium,no brand detected
shoptech-099rx,Shoptech 099RX,Shoptech — 099RX,,099RX,medium,no brand detected
shoptech-2300-pc775,Shoptech 2300–PC775,Shoptech 2300– — PC775,,PC775,medium,no brand detected
shoptech-2302-pc775,Shoptech 2302–PC775,Shoptech 2302– — PC775,,PC775,medium,no brand detected
shoptech-2410,Shoptech 2410,Shoptech — 2410,,2410,medium,no brand detected
shoptech-082,Shoptech 082,Shoptech — 082,,082,medium,no brand detected
shoptech-2500-pc550,Shoptech 2500–PC550,Shoptech 2500– — PC550,,PC550,medium,no brand detected
shoptech-081,Shoptech 081,Shoptech — 081,,081,medium,no brand detected
desk-shell-5-sizes,Desk Shell (5 Sizes),Desk shell (5 sizes) — 5 sizes,,5 sizes,medium,spec inline — not stripped from name; no brand detected; multi-variant; spec describes option count
screenflex-room-dividers,Screenflex Room Dividers,Screenflex room dividers,,,low,no brand detected; no spec detected — name only
arlo-lounge-swivel-task-chair-1,Arlo | Lounge Swivel Task Chair,Arlo | lounge swivel task chair,,,low,no brand detected; no spec detected — name only
kaysee-high-back-tilter-otg12112b,Kaysee | High Back Tilter OTG12112B,Kaysee | high back tilter — OTG12112B,,OTG12112B,medium,no brand detected
credenza-lflf-1,Credenza LFLF,Credenza lflf,,,low,no brand detected; no spec detected — name only
credenza-scmsu,Credenza SCMSU,Credenza scmsu,,,low,no brand detected; no spec detected — name only
credenza-lfmsu,Credenza LFMSU,Credenza lfmsu,,,low,no brand detected; no spec detected — name only
wardrobe,Wardrobe,Wardrobe,,,low,no brand detected; no spec detected — name only; no change needed
premium-plinth-cylinder-table-recessed-base-2,"Premium Plinth Cylinder Table, Recessed Base","Premium plinth cylinder table, recessed base",,,low,no brand detected; no spec detected — name only
mvl3101-avro-mesh-back-synchro-tilter-chair,MVL3101 Avro Mesh Back Synchro-Tilter Chair,MVL3101 avro mesh back synchro-tilter chair,,,low,no brand detected; no spec detected — name only
extended-high-back-tilter-otg11359-carleton,Extended High Back Tilter OTG11359 Carleton,Extended high back tilter OTG11359 carleton,,,low,no brand detected; no spec detected — name only
amigo-mesh-chair-otg10900blk,Amigo Mesh Chair OTG10900BLK,Amigo mesh chair — OTG10900BLK,,OTG10900BLK,medium,no brand detected
otg3915-centro-guest-chair,OTG3915 Centro Guest Chair,OTG3915 centro guest chair,,,low,no brand detected; no spec detected — name only
hardfloor-casters,Hardfloor Casters,Hardfloor casters,,,low,no brand detected; no spec detected — name only
ergo-boss-multi-tilter-chair-2,Ergo Boss™ Multi-Tilter Chair,Ergo boss™ multi-tilter chair,,,low,no brand detected; no spec detected — name only
basics-comfort-time-ultra-multi-tilter-big-tall-with-headrest,Basics® Comfort-Time™ Ultra Multi-Tilter Big & Tall with Headrest,Basics® comfort-time™ ultra multi-tilter big & tall with headrest,,,low,no brand detected; no spec detected — name only
basics-comfort-time-ultra-multi-tilter-big-tall-chair,Basics® Comfort-Time™ Ultra Multi-Tilter Big & Tall Chair,Basics® comfort-time™ ultra multi-tilter big & tall chair,,,low,no brand detected; no spec detected — name only
adapt-high-back-synchro-tilter-mvl11724,Adapt | High Back Synchro-Tilter MVL11724,Adapt | high back synchro-tilter — MVL11724,,MVL11724,medium,no brand detected
trapezoid-tables-3-sizes,Trapezoid Tables (3 Sizes),Trapezoid tables (3 sizes) — 3 sizes,,3 sizes,medium,spec inline — not stripped from name; no brand detected; multi-variant; spec describes option count
half-round-40-unit,"Half Round 40"" Unit","Half round 40"" unit — 40""",,"40""",medium,spec inline — not stripped from name; no brand detected
craft-wedge-unit,Craft | Wedge Unit,Craft | wedge unit,,,low,no brand detected; no spec detected — name only
craft-rectangle-unit-1,Craft | Rectangle Unit,Craft | rectangle unit,,,low,no brand detected; no spec detected — name only
craft-round-20-unit,"Craft | Round 20"" Unit","Craft | round 20"" unit — 20""",,"20""",medium,spec inline — not stripped from name; no brand detected
craft-curve-120-degree-unit-2,Craft | Curve-120 Degree Unit,Craft | curve-120 degree unit,,,low,no brand detected; no spec detected — name only
rambler-ottoman-8-shape-size-options,Rambler Ottoman (8 Shape & Size),Rambler ottoman (8 shape & size),,,low,no brand detected; no spec detected — name only
please-select-a-finish,Please select a Finish,Please select a finish,,,low,no brand detected; no spec detected — name only
basics-elora-home-office-synchro-tilter-chair-1,Basics® Elora™ Home Office Synchro Tilter Chair,Basics® elora™ home office synchro tilter chair,,,low,no brand detected; no spec detected — name only
chevron-ultra-medium-back-multi-tilter-chair,Chevron Ultra Medium Back Multi-Tilter Chair,Chevron ultra medium back multi-tilter chair,,,low,no brand detected; no spec detected — name only
tl-high-back-synchro-tilter,TL | High Back Synchro-Tilter,Tl | high back synchro-tilter,,,low,no brand detected; no spec detected — name only
ibex-synchro-tilter-chairs-mvl2801,Ibex Synchro-Tilter Chairs MVL2801,Ibex synchro-tilter chairs — MVL2801,,MVL2801,medium,no brand detected
adapt-high-back-synchro-tilter-mvl11725,Adapt | High Back Synchro-Tilter MVL11725,Adapt | high back synchro-tilter — MVL11725,,MVL11725,medium,no brand detected
format-high-back-weight-sensing-synchro-tilter-mesh-seat-and-back-mvl3197-copy,"Format+ | High Back Weight Sensing Synchro-Tilter, Mesh Seat and Back","Format+ | high back weight sensing synchro-tilter, mesh seat and back",,,low,no brand detected; no spec detected — name only
knight-lightweight-tilter-chair-otg11360,Knight Lightweight Tilter Chair OTG11360,Knight lightweight tilter chair — OTG11360,,OTG11360,medium,no brand detected
basics-preto-swivel-tilt-chair-1,Basics® Preto Swivel Tilt Chair,Basics® preto swivel tilt chair,,,low,no brand detected; no spec detected — name only
the-accord-tilter-high-back-chair-1,The Accord Tilter High Back Chair,The accord tilter high back chair,,,low,no brand detected; no spec detected — name only
offices-to-go-ashmont-tilter-chair-1,Offices to Go® Ashmont Tilter Chair,Offices to Go ® ashmont tilter chair,Offices to Go,,medium,no spec detected — name only
ashmont-medium-back-management-tilter-mvl2781,Ashmont | Medium Back Management Tilter MVL2781,Ashmont | medium back management tilter — MVL2781,,MVL2781,medium,no brand detected
ultra-high-back-tilter-with-arms-mvl11730,Ultra | High Back Tilter with Arms MVL11730,Ultra | high back tilter with arms — MVL11730,,MVL11730,medium,no brand detected
ultra-armless-high-back-tilter-mvl11732,Ultra | Armless High Back Tilter MVL11732,Ultra | armless high back tilter — MVL11732,,MVL11732,medium,no brand detected
basics-obusforme-elite-heavy-duty-multi-tilter-chair-ts2770-3-1,Basics® ObusForme® Elite Heavy Duty Multi-Tilter Chair TS2770-3,ObusForme Basics® ® elite heavy duty multi-tilter chair — TS2770-3,ObusForme,TS2770-3,high,
avro-350m-heavy-duty-multi-tilter-chairs-mvl11716,Avro 350M Heavy Duty Multi-Tilter Chairs MVL11716,Avro 350M heavy duty multi-tilter chairs — MVL11716,,MVL11716,medium,no brand detected
marlee-synchro-tilter-chairs,Marlee Synchro-Tilter Chairs,Marlee synchro-tilter chairs,,,low,no brand detected; no spec detected — name only
yoho-task-chairs,Yoho Task Chairs,Yoho task chairs,,,low,no brand detected; no spec detected — name only
basics-chevron-junior-operator-chair-mvl2363-7-1,Basics® Chevron Junior Operator Chair MVL2363-7,Basics® chevron junior operator chair — MVL2363-7,,MVL2363-7,medium,no brand detected
ibex-drafting-task-stool-mvl2808,Ibex Drafting Task Stool MVL2808,Ibex drafting task stool — MVL2808,,MVL2808,medium,no brand detected
basics-comfort-time-drafting-stool-with-or-without-arms-1,Basics® Comfort-Time™ Drafting Stool (with or without arms),Basics® comfort-time™ drafting stool (with or without arms),,,low,no brand detected; no spec detected — name only
jumbo-storage-cabinet-assembled-72-h-x48w-x-24-d,"Jumbo Storage Cabinet Assembled 72"" H x48""W x 24"" D","Jumbo storage cabinet assembled 72"" h x48""w x 24"" d — 24""",,"24""",medium,spec inline — not stripped from name; no brand detected
deep-hi-boy-storage-cabinet-72-h-x-36-w-x-24-d,"Deep Hi-Boy Storage Cabinet 72"" H x 36"" W x 24"" D","Deep hi-boy storage cabinet 72"" h x 36"" w x 24"" d — 24""",,"24""",medium,spec inline — not stripped from name; no brand detected
bar-stool-for-42-high-tables,"Bar Stool for 42"" High Tables","Bar stool for 42"" high tables — 42""",,"42""",medium,spec inline — not stripped from name; no brand detected
sonic-bar-stools-for-42-high-tables,"Sonic Bar Stools for 42"" High Tables","Sonic bar stools for 42"" high tables — 42""",,"42""",medium,spec inline — not stripped from name; no brand detected
cobalt-medium-back-tilter-mvl2785,Cobalt | Medium Back Tilter MVL2785,Cobalt | medium back tilter — MVL2785,,MVL2785,medium,no brand detected
yoho-medium-back-task-chair-mvl2778,Yoho | Medium Back Task Chair MVL2778,Yoho | medium back task chair — MVL2778,,MVL2778,medium,no brand detected
momentum-series-combos-keyboard-arm-premium-quality,Momentum Series Combos Keyboard Arm (Premium Quality),Momentum series combos keyboard arm (premium quality),,,low,no brand detected; no spec detected — name only
delivery-charge-175-00,Delivery Charge 175.00,Delivery charge 175. — 00,,00,medium,no brand detected
gardex-fireproof-lateral-file-2-3-4-drawer,"Gardex Fireproof Lateral File ( 2, 3 & 4 Drawer)","Gardex fireproof lateral file ( 2, 3 & 4 drawer) — 4 drawer",,4 drawer,medium,spec inline — not stripped from name; no brand detected; multi-variant; spec describes option count
vertical-fireproof-cabinets-2-3-4-drawer,"Vertical Fireproof Cabinets (2, 3 & 4 Drawer)","Vertical fireproof cabinets (2, 3 & 4 drawer) — 4 drawer",,4 drawer,medium,spec inline — not stripped from name; no brand detected; multi-variant; spec describes option count
fireking-storage-cabinet-72-high,"FireKing Storage Cabinet 72"" High","Fireking storage cabinet 72"" high — 72""",,"72""",medium,spec inline — not stripped from name; no brand detected
fireking-storage-cabinet-44-high,"FireKing Storage Cabinet 44"" High","Fireking storage cabinet 44"" high — 44""",,"44""",medium,spec inline — not stripped from name; no brand detected
standard-lateral-files-2-3-4-5-drawers,"Standard Lateral Files (2,3,4 & 5 Drawers)","Standard lateral files (2,3,4 & 5 drawers) — 5 drawers",,5 drawers,medium,spec inline — not stripped from name; no brand detected; multi-variant; spec describes option count
institutional-series-lateral-file-cabinet-2-3-4-5-drawer,"Institutional Series Lateral File Cabinet (2,3,4 & 5 Drawer)","Institutional series lateral file cabinet (2,3,4 & 5 drawer) — 5 drawer",,5 drawer,medium,spec inline — not stripped from name; no brand detected; multi-variant; spec describes option count
minto-low-back-stacking-armchair-mvl2747,Minto | Low Back Stacking Armchair MVL2747,Minto | low back stacking armchair — MVL2747,,MVL2747,medium,no brand detected
ashmont-medium-back-guest-chair-mvl2782,Ashmont | Medium Back Guest Chair MVL2782,Ashmont | medium back guest chair — MVL2782,,MVL2782,medium,no brand detected
brighton-high-back-tilter-mvl2787,Brighton | High Back Tilter MVL2787,Brighton | high back tilter — MVL2787,,MVL2787,medium,no brand detected
ibex-upholstered-seat-back-guest-chair-mvl2819-1,Ibex | Upholstered Seat &  Back Guest Chair MVL2819,Ibex | upholstered seat & back guest chair — MVL2819,,MVL2819,medium,no brand detected
desktop-sit-stand-workstation-mvl5230b0,Desktop Sit-Stand Workstation MVL5230B0,Desktop sit-stand workstation — MVL5230B0,,MVL5230B0,medium,no brand detected
two-drawer-lateral-file-nl3624lft,Two Drawer Lateral File NL3624LFT,Two drawer lateral file — NL3624LFT,,NL3624LFT,medium,no brand detected
height-adjustable-rectangular-table-2-legs-nl48243qht,Height Adjustable Rectangular Table - 2 legs,Height adjustable rectangular table - 2 legs,,,low,no brand detected; no spec detected — name only
table-desk-1,Table Desk,Table desk,,,low,no brand detected; no spec detected — name only
newland-bookcases-assembled,Newland Bookcases (Assembled),Newland bookcases (assembled),,,low,no brand detected; no spec detected — name only
single-pedestal-desk-nlp232,Single Pedestal Desk NLP232,Single pedestal desk — NLP232,,NLP232,medium,no brand detected
kylie-multi-purpose-stacking-chair-cadet-otg11355c,Kylie | Multi-Purpose Stacking Chair - Cadet OTG11355C,Kylie | multi-purpose stacking chair - cadet — OTG11355C,,OTG11355C,medium,no brand detected
quick-assembly-electric-height-adjustable-base-2-legs,Quick Assembly Electric Height Adjustable Base - 2 legs,Quick assembly electric height adjustable base - 2 legs,,,low,no brand detected; no spec detected — name only
innovations-l-shape-desk-with-hutch,INNOVATIONS L-Shape Desk with Hutch,Innovations l-shape desk with hutch,,,low,no brand detected; no spec detected — name only
executive-u-shape-desk-set,Executive U-Shape Desk Set,Executive u-shape desk set,,,low,no brand detected; no spec detected — name only
makerspace-tables,Makerspace Tables,Makerspace tables,,,low,no brand detected; no spec detected — name only
triple-monitor-and-ipad-holder,Triple Monitor and Ipad Holder,Triple monitor and ipad holder,,,low,no brand detected; no spec detected — name only
ranger-table,Ranger Table,Ranger table,,,low,no brand detected; no spec detected — name only
credenza-with-sliding-doors-36-high,"Credenza with Sliding doors 36"" High","Credenza with sliding doors 36"" high — 36""",,"36""",medium,spec inline — not stripped from name; no brand detected
bookcase-with-closed-lower-storage,Bookcase with Closed Lower Storage,Bookcase with closed lower storage,,,low,no brand detected; no spec detected — name only
mobile-pedestal-digital-lock,Mobile Pedestal & Digital Lock,Mobile pedestal & digital lock,,,low,no brand detected; no spec detected — name only
lateral-file-wood-laminate-2-3-4-drawer-options,"Lateral File Wood Laminate (2, 3 & 4 Drawer options)","Lateral file wood laminate (2, 3 & 4 drawer options) — 4 drawer",,4 drawer,medium,spec inline — not stripped from name; no brand detected; multi-variant; spec describes option count
wood-laminate-storage-cabinets,Wood Laminate Storage cabinets,Wood laminate storage cabinets,,,low,no brand detected; no spec detected — name only
modern-grigio-reception-desk,Modern Grigio Reception Desk,Modern grigio reception desk,,,low,no brand detected; no spec detected — name only
nutmeg-reception,Nutmeg Reception,Nutmeg reception,,,low,no brand detected; no spec detected — name only
supra-x-chair-1,Supra X™ Chair,Supra x™ chair,,,low,no brand detected; no spec detected — name only
manual-height-adjustable-table,Manual Height Adjustable Table,Manual height adjustable table,,,low,no brand detected; no spec detected — name only
hutch-5-sizes,Hutch 5 Sizes,Hutch — 5 sizes,,5 sizes,medium,no brand detected; multi-variant; spec describes option count
heartwood-mobile-pedestal-bf,Heartwood Mobile Pedestal BF,Heartwood mobile pedestal bf,,,low,no brand detected; no spec detected — name only
plexiglass-modesty-panels,Plexiglass Modesty Panels,Plexiglass modesty panels,,,low,no brand detected; no spec detected — name only
laminate-modesty-panels,Laminate Modesty Panels,Laminate modesty panels,,,low,no brand detected; no spec detected — name only
levels-l-shape,Levels L-Shape,Levels l-shape,,,low,no brand detected; no spec detected — name only
innovation-l-shape-set,Innovation L-Shape Set,Innovation l-shape set,,,low,no brand detected; no spec detected — name only
adapt-high-back-synchro-tilter-mvl11724-mvl11725,Adapt | High Back Synchro-Tilter MVL11724 MVL11725,Adapt | high back synchro-tilter MVL11724 — MVL11725,,MVL11725,medium,no brand detected
basics-comfort-time-ultra-multi-tilter-chairs-mvl1873-1,Basics® Comfort-Time™ Ultra Multi-Tilter Chairs MVL1873 MVL1875 (Available with a headrest),Basics® comfort-time™ ultra multi-tilter chairs MVL1873 MVL1875 (available with a headrest),,,low,no brand detected; no spec detected — name only
elora-multi-tilter-high-back-chair-black-petite-seat-baomvl1894,ELORA Multi-Tilter High Back Chair Black PETITE SEAT BAOMVL1894,Elora multi-tilter high back chair black petite seat — BAOMVL1894,,BAOMVL1894,medium,no brand detected
extended-high-back-wide-deep-seat-multi-tilt-bao27513,Extended High Back Wide & Deep Seat Multi Tilt BAO27513,Extended high back wide & deep seat multi tilt — BAO27513,,BAO27513,medium,no brand detected
marlee-midback-chair-bonded-leather-mvl11722,Marlee Midback Chair Bonded Leather MVL11722,Marlee midback chair bonded leather — MVL11722,,MVL11722,medium,no brand detected
mvl11886-caman-high-back-tilter-bonded-leather,MVL11886 Caman | High Back Tilter Bonded Leather,MVL11886 caman | high back tilter bonded — Leather,,Leather,medium,no brand detected
mvl2732-annapolis-high-back-luxhide-tilter,MVL2732 Annapolis | High Back Luxhide Tilter,MVL2732 annapolis | high back luxhide tilter,,,low,no brand detected; no spec detected — name only
halifax-typical-9,Halifax Typical 9,Halifax typical 9,,,low,no brand detected; no spec detected — name only
the-halifax-collection,The Halifax Collection,The halifax collection,,,low,no brand detected; no spec detected — name only
koko-tables,KOKO Tables,Koko tables,,,low,no brand detected; no spec detected — name only
halifax-executive-suite,Halifax Executive Suite,Halifax executive suite,,,low,no brand detected; no spec detected — name only
halifax-typical-4,Halifax Typical 4,Halifax typical 4,,,low,no brand detected; no spec detected — name only
halifax-series,Halifax Series,Halifax series,,,low,no brand detected; no spec detected — name only
laminate-lockers-1,Laminate Lockers,Laminate lockers,,,low,no brand detected; no spec detected — name only
laminate-lockers-copy,Laminate Lockers,Laminate lockers,,,low,no brand detected; no spec detected — name only
dolly-for-sonic-chairs-6517ws,Dolly for Sonic Chairs 6517WS,Dolly for sonic chairs — 6517WS,,6517WS,medium,no brand detected
work-table-at,Work Table AT,Work table at,,,low,no brand detected; no spec detected — name only
square-table-x-base-3-sizes,Square Table - X-Base 3 Sizes,Square table - x-base — 3 sizes,,3 sizes,medium,no brand detected; multi-variant; spec describes option count
kensington-universal-charge-sync-tablet-cabinet,Kensington Universal Charge/Sync Tablet Cabinet,Kensington universal charge/sync tablet cabinet,,,low,no brand detected; no spec detected — name only
kensington-ac12-security-charging-cabinet,Kensington AC12 Security Charging Cabinet,Kensington AC12 security charging cabinet,,,low,no brand detected; no spec detected — name only
ganging-plates-for-terina-tables-gfcngfp,Ganging Plates for Terina Tables GFCNGFP,Ganging plates for terina tables gfcngfp,,,low,no brand detected; no spec detected — name only
sora-mesh-back-chair-6941-6942,Sora Mesh Back Chair 6941 6942,Sora mesh back chair 6941 — 6942,,6942,medium,no brand detected
felt-acoustic-room-dividers,Felt Acoustic Room Dividers,Felt acoustic room dividers,,,low,no brand detected; no spec detected — name only
felt-acoustic-wall-tiles,Felt Acoustic Wall Tiles,Felt acoustic wall tiles,,,low,no brand detected; no spec detected — name only
ceiling-grids-sound-acoustic-dampeners-1,Ceiling Grids Sound Acoustic Dampeners,Ceiling grids sound acoustic dampeners,,,low,no brand detected; no spec detected — name only
ceiling-grids-sound-acoustic-dampeners-copy,Ceiling Grids Sound Acoustic Dampeners,Ceiling grids sound acoustic dampeners,,,low,no brand detected; no spec detected — name only
ceiling-grids-sound-acoustic-dampeners-orb,Ceiling Grids Sound Acoustic Dampeners ORB,Ceiling grids sound acoustic dampeners orb,,,low,no brand detected; no spec detected — name only
hardware-for-ceiling-tiles,Hardware for Ceiling Tiles,Hardware for ceiling tiles,,,low,no brand detected; no spec detected — name only
ceiling-baffles-sound-acoustic-dampeners,Ceiling Baffles Sound Acoustic Dampeners,Ceiling baffles sound acoustic dampeners,,,low,no brand detected; no spec detected — name only
mobile-pedestal-file-file,Mobile Pedestal File / File,Mobile pedestal file / file,,,low,no brand detected; no spec detected — name only
scoot-8945bl-lectern,Scoot 8945BL Lectern,Scoot 8945BL lectern,,,low,no brand detected; no spec detected — name only
innovations-u-shape-suite,Innovations U-Shape Suite,Innovations u-shape suite,,,low,no brand detected; no spec detected — name only
obusforme-comfort-medium-back-chair-fabric-1241-3-copy,ObusForme Comfort Medium back Chair 1241-3,ObusForme Comfort medium back chair — 1241-3,ObusForme,1241-3,high,
innovation-l-shape-curved-corner,Innovation L-Shape Curved Corner,Innovation l-shape curved corner,,,low,no brand detected; no spec detected — name only
l-shape-desk-with-36h-privacy-panel,"L-Shape Desk with 36""H Privacy Panel","L-shape desk with 36""h privacy panel — 36""",,"36""",medium,spec inline — not stripped from name; no brand detected
l-shape-desk-with-36h-privacy-panel-1,"L-Shape Desk with 36""H Privacy Panel","L-shape desk with 36""h privacy panel — 36""",,"36""",medium,spec inline — not stripped from name; no brand detected
round-table-cross-base-8-colours,Round Table Cross Base 8 Colours,Round table cross base — 8 colours,,8 colours,medium,no brand detected; multi-variant; spec describes option count
jax-sit-to-stand,JAX Sit to Stand,Jax sit to stand,,,low,no brand detected; no spec detected — name only
power-plant-500222pp90-daisychaining,Power Plant 500222PP90 Daisychaining,Power plant 500222PP90 daisychaining,,,low,no brand detected; no spec detected — name only
quick-assembly-height-adjustable-base,Quick Assembly Height Adjustable Base,Quick assembly height adjustable base,,,low,no brand detected; no spec detected — name only
circular-reception-unit-w-41-r,Circular Reception Unit W-41-R,Circular reception unit — W-41-R,,W-41-R,medium,no brand detected
av-stand-sa-81-3016,AV Stand SA-81-3016,Av stand — SA-81-3016,,SA-81-3016,medium,no brand detected
luray-executive-chair,LURAY Executive Chair,Luray executive chair,,,low,no brand detected; no spec detected — name only
kneeling-chair-kcm1420,Kneeling Chair KCM1420,Kneeling chair — KCM1420,,KCM1420,medium,no brand detected
monitor-arms,Monitor Arms,Monitor arms,,,low,no brand detected; no spec detected — name only
racetrack-conference-table-1-top,"Racetrack Conference Table 1"" Top","Racetrack conference table 1"" top — 1""",,"1""",medium,spec inline — not stripped from name; no brand detected
display-shelving,Display Shelving,Display shelving,,,low,no brand detected; no spec detected — name only
storage-cabinet-with-doors,Storage Cabinet with Doors,Storage cabinet with doors,,,low,no brand detected; no spec detected — name only
meeting-table,Meeting Table,Meeting table,,,low,no brand detected; no spec detected — name only
offices-to-go-newland-l-shaped-suite-nlp420,Offices to Go® Newland™ L-Shaped Suite NLP420,Offices to Go ® newland™ l-shaped suite — NLP420,Offices to Go,NLP420,high,
l-shape-suire,L-Shape Suite HTWLEV1LOOP,L-shape suite — HTWLEV1LOOP,,HTWLEV1LOOP,medium,no brand detected
wardrobe-storage-cabinet-htwlevsr7218,Wardrobe / Storage Cabinet HTWLEVSR7218,Wardrobe / storage cabinet — HTWLEVSR7218,,HTWLEVSR7218,medium,no brand detected
offices-to-go-newland-u-shaped-suites-nlp406,Offices to Go® Newland™ U-Shaped Suites NLP406,Offices to Go ® newland™ u-shaped suites — NLP406,Offices to Go,NLP406,high,
height-adjustable-l-shape-table-1,Height Adjustable L-Shape Table,Height adjustable l-shape table,,,low,no brand detected; no spec detected — name only
cabinet-file-file-right-wardrobe-inv-6524cffwr-24,Cabinet / File / File / Right Wardrobe INV-6524CFFWR-24,Cabinet / file / file / right wardrobe — INV-6524CFFWR-24,,INV-6524CFFWR-24,medium,no brand detected
links-custom-reception-unit-60x72,"Links Custom Reception Unit 60""x72""","Links custom reception unit — 60""x72""",,"60""x72""",medium,no brand detected
credenza-storage-storage-with-locks,Credenza Storage / Storage with locks,Credenza storage / storage with locks,,,low,no brand detected; no spec detected — name only
4-person-workstation,4 Person Workstation,4 person workstation,,,low,no brand detected; no spec detected — name only
coffee-table-1,Coffee Table,Coffee table,,,low,no brand detected; no spec detected — name only
indigenous-medicine-wheel-huddl,Indigenous Medicine Wheel HUDDL,Indigenous medicine wheel huddl,,,low,no brand detected; no spec detected — name only
lockers-2-tier,Lockers 2-Tier,Lockers 2-tier,,,low,no brand detected; no spec detected — name only
metal-cross-base-with-levelers,Metal Cross Base with Levelers,Metal cross base with levelers,,,low,no brand detected; no spec detected — name only
metal-round-metal-base,Metal Round Metal Base,Metal round metal base,,,low,no brand detected; no spec detected — name only
metal-square-metal-base,Metal Square Metal Base,Metal square metal base,,,low,no brand detected; no spec detected — name only
manual-height-adjustable-base,MANUAL HEIGHT ADJUSTABLE BASE (Tops sold separately),Manual height adjustable base (tops sold separately),,,low,no brand detected; no spec detected — name only
desk-shells,Desk Shells,Desk shells,,,low,no brand detected; no spec detected — name only
bungee-tables-rectangular-flip-top-table-spider-legs-wheels,"Bungee™ Tables Rectangular Flip-Top Table, Spider Legs, Wheels","Bungee™ tables rectangular flip-top table, spider legs, wheels",,,low,no brand detected; no spec detected — name only
l-shape-desk-with-hutch,"L-Shape Desk with Hutch 72""X72""","L-shape desk with hutch — 72""X72""",,"72""X72""",medium,no brand detected
sirena-lounge-chair-3371,Sirena Lounge Chair,Sirena lounge chair,,,low,no brand detected; no spec detected — name only
l-shape-desk-set-72x72,"L-Shape Desk Set 72""x72"" BBF/FF INNOVATIONS","L-shape desk set 72""x72"" bbf/ff innovations — 72""x72""",,"72""x72""",medium,spec inline — not stripped from name; no brand detected
please-select-a-finish-1,Please Select a Finish,Please select a finish,,,low,no brand detected; no spec detected — name only
executive-workstation-10x10,Executive Workstation 10'x10',Executive workstation — 10'x10',,10'x10',medium,no brand detected
management-u-shaped-suite-with-3-stage-height-adjustable-table-nlp410,"Management ""U"" Shaped Suite with 3-Stage Height Adjustable Table NLP410","Management ""u"" shaped suite with 3-stage height adjustable table — NLP410",,NLP410,medium,no brand detected
hutch-with-doors,Hutch with Doors (Assembled),Hutch with doors (assembled),,,low,no brand detected; no spec detected — name only
robust-high-back-multi-tilter-chair-2526,Robust High Back Multi-Tilter Chair 2526,Robust high back multi-tilter chair — 2526,,2526,medium,no brand detected
dispose,Disposal Program,Disposal program,,,low,no brand detected; no spec detected — name only
metal-apex-desk,Metal APEX Desk,Metal apex desk,,,low,no brand detected; no spec detected — name only
contemporary-metal-desk,Contemporary Metal Desk,Contemporary metal desk,,,low,no brand detected; no spec detected — name only
additional-services-dismantle-re-assemble,Additional Services-Dismantle & Re-Assemble,Additional services-dismantle & re-assemble,,,low,no brand detected; no spec detected — name only
d-top-table,D-Top Table With or Without Modesty,D-top table with or without modesty,,,low,no brand detected; no spec detected — name only
cluster-seating,Cluster Seating 4,Cluster seating 4,,,low,no brand detected; no spec detected — name only
cluster-seating-2,Cluster Seating 2,Cluster seating 2,,,low,no brand detected; no spec detected — name only
concorde-high-back-24hr-executive-synchro-tilter-2424,Concorde® High Back 24HR Executive Synchro-Tilter (2424),Concorde® high back 24HR executive synchro-tilter (2424) — 2424,,2424,medium,spec inline — not stripped from name; no brand detected
concorde-high-back-24hr-executive-synchro-tilter-deep-seat-2424-18,"Concorde® High Back 24HR Executive Synchro-Tilter, Deep Seat (2424-18)","Concorde® high back 24HR executive synchro-tilter, deep seat (2424-18) — 2424-18",,2424-18,medium,spec inline — not stripped from name; no brand detected
mobile-machine-stand-with-shelf-on-wheels,Mobile Machine Stand with Shelf on wheels,Mobile machine stand with shelf on wheels,,,low,no brand detected; no spec detected — name only
height-adjustable-base-pneumatic,Height Adjustable Base Pneumatic (Top Sold Separately),Height adjustable base pneumatic (top sold separately),,,low,no brand detected; no spec detected — name only
mvl2786-yoho-armless-low-back-task-chair,MVL2786 Yoho | Armless Low Back Task Chair,MVL2786 yoho | armless low back task chair,,,low,no brand detected; no spec detected — name only
obusforme-comfort-medium-back-chair-fabric-1241-3-copy-1,ObusForme Comfort Medium back Chair  1261-3 Schukra,ObusForme Comfort medium back chair 1261-3 schukra,ObusForme,,medium,no spec detected — name only
desk-top-dividers-1,Desk Top Dividers,Desk top dividers,,,low,no brand detected; no spec detected — name only
new-pneumatic-single-arm-monitor-stand,"""New"" Pneumatic Single-Arm Monitor Stand","""new"" pneumatic single-arm monitor stand",,,low,no brand detected; no spec detected — name only
laptop-holder-for-100-ma1c-100-ma2c-monitor-arms,Laptop Holder for 100-MA1C & 100-MA2C Monitor Arms only,Laptop holder for 100-MA1C & 100-MA2C monitor arms only,,,low,no brand detected; no spec detected — name only
sonic-armchair-upholstered-seat-polypropylene-back-casters-6574,"Sonic™ Armchair, Upholstered Seat & Polypropylene Back, Casters (6574)","Sonic™ armchair, upholstered seat & polypropylene back, casters (6574) — 6574",,6574,medium,spec inline — not stripped from name; no brand detected
newland-16w-box-box-file-mobile-pedestal-nlmp23bbf,"Newland | 16""W Box/Box/File Mobile Pedestal NLMP23BBF","Newland | 16""w box/box/file mobile pedestal — NLMP23BBF",,NLMP23BBF,medium,no brand detected
keys-2-set,Keys 2/set,Keys 2/set,,,low,no brand detected; no spec detected — name only; no change needed
levels-bookcase,Levels Bookcase,Levels bookcase,,,low,no brand detected; no spec detected — name only
follower-block-mvlfb,Follower Block MVLFB,Follower block mvlfb,,,low,no brand detected; no spec detected — name only
global-accord-mesh-back-tilter,Global Accord™ Mesh Back Tilter,Global Accord™ mesh back tilter,Global,,medium,no spec detected — name only
mvl3103-avro-upholstered-seat-mesh-back-multi-tilter,MVL3103 Avro | Upholstered Seat & Mesh Back Multi-Tilter,MVL3103 avro | upholstered seat & mesh back multi-tilter,,,low,no brand detected; no spec detected — name only
round-metal-base,Round Metal Base,Round metal base,,,low,no brand detected; no spec detected — name only
fax-printer-machine-stand,"Fax, Printer, Machine Stand","Fax, printer, machine stand",,,low,no brand detected; no spec detected — name only
temptations-office-suite,Temptations Office Suite,Temptations office suite,,,low,no brand detected; no spec detected — name only
temptations-office-suite-copy,The Corporate Office Suite,The corporate office suite,,,low,no brand detected; no spec detected — name only
efloat-quattro-humanscale,eFloat Quattro Humanscale,Efloat quattro humanscale,,,low,no brand detected; no spec detected — name only
eor-guest-chair-mvl3920b,EOR Guest chair MVL3920B,Eor guest chair — MVL3920B,,MVL3920B,medium,no brand detected
armless-low-back-stacking-chair-mvl2748,Armless Low Back Stacking Chair MVL2748,Armless low back stacking chair — MVL2748,,MVL2748,medium,no brand detected
low-back-stacking-chair-mvl2747,Low Back Stacking Chair MVL2747,Low back stacking chair — MVL2747,,MVL2747,medium,no brand detected
finch-armless-stacking-armchair-mvl11704,Finch | Armless Stacking Armchair MVL11704,Finch | armless stacking armchair — MVL11704,,MVL11704,medium,no brand detected
humanscale-nova-lighting,Humanscale Nova Lighting,Humanscale nova lighting,,,low,no brand detected; no spec detected — name only
l-shape-suite-layout-41c,L-Shape Suite Layout #41C,L-shape suite layout # — 41C,,41C,medium,no brand detected
citi-lounge-seating-3-sizes-available,Lounge Seating (3 sizes available),Lounge seating (3 sizes available) — 3 sizes,,3 sizes,medium,spec inline — not stripped from name; no brand detected; multi-variant; spec describes option count
ibex-upholstered-seat-back-guest-chair-mvl2832,Ibex | Upholstered Seat &  Back Guest Chair MVL2832,Ibex | upholstered seat & back guest chair — MVL2832,,MVL2832,medium,no brand detected
custom-reception-unit-accessories,Custom Reception Unit & Accessories,Custom reception unit & accessories,,,low,no brand detected; no spec detected — name only
tritek-7472-3-chair,Tritek 7472-3 Chair,Tritek 7472-3 chair,,,low,no brand detected; no spec detected — name only
spritz-with-arms-and-castors-6765c,Spritz with Arms and Castors 6765C,Spritz with arms and castors — 6765C,,6765C,medium,no brand detected
arm-caps-for-2330-chair,Arm Caps for 2330 chair,Arm caps for 2330 chair,,,low,no brand detected; no spec detected — name only
solo-gues-chair,SOLO GUEST CHAIR 5225SSU,Solo guest chair — 5225SSU,,5225SSU,medium,no brand detected
cord-cover,Cord Cover Snake,Cord cover snake,,,low,no brand detected; no spec detected — name only
white-board-magnetic-mobile-on-wheels,White Board Magnetic (mobile) on wheels,White board magnetic (mobile) on wheels,,,low,no brand detected; no spec detected — name only
pneumatic-single-table,PNEUMATIC SINGLE TABLE,Pneumatic single table,,,low,no brand detected; no spec detected — name only
mesh-chair-java-otg10902,Mesh Chair Java OTG10902,Mesh chair java — OTG10902,,OTG10902,medium,no brand detected
sonic-armless-counter-stool-polypropylene-seat-back-6558cs,"Sonic™ Armless Counter Stool, Polypropylene Seat & Back (6558CS)","Sonic™ armless counter stool, polypropylene seat & back (6558cs) — 6558CS",,6558CS,medium,spec inline — not stripped from name; no brand detected
sonic-armchair-polypropylene-seat-back-6513,"Sonic™ Armchair, Polypropylene Seat & Back (6513)","Sonic™ armchair, polypropylene seat & back (6513) — 6513",,6513,medium,spec inline — not stripped from name; no brand detected
quick-assembly-electric-height-adjustable-base,Quick Assembly Electric Height Adjustable Base,Quick assembly electric height adjustable base,,,low,no brand detected; no spec detected — name only
solid-steel-shelving-starter-set,"Solid Steel Shelving, Starter Set","Solid steel shelving, starter set",,,low,no brand detected; no spec detected — name only
colour,Colour,Colour,,,low,no brand detected; no spec detected — name only; no change needed
obusforme-comfort-high-back-chair-1260-3-schukra,ObusForme Comfort High Back Chair  1260-3 Schukra,ObusForme Comfort high back chair 1260-3 schukra,ObusForme,,medium,no spec detected — name only
l-shape-workstations,"L-Shape Workstations (9 Sizes, 8 Colours)","L-shape workstations (9 sizes, 8 colours) — 9 sizes",,9 sizes,medium,spec inline — not stripped from name; no brand detected; multi-variant; spec describes option count
lateral-file-used-5-drawer-beige-nevada,Lateral File (USED) 5 Drawer Beige Nevada,Lateral file (used) 5 drawer beige nevada — 5 drawer,,5 drawer,medium,spec inline — not stripped from name; no brand detected; multi-variant; spec describes option count
grommet-hole-cover,Grommet Hole & Cover,Grommet hole & cover,,,low,no brand detected; no spec detected — name only
table-tops,Table Tops (17 Shapes & Sizes),Table tops (17 shapes & sizes),,,low,no brand detected; no spec detected — name only
table-desk-height-adjustable,Table Desk Height Adjustable,Table desk height adjustable,,,low,no brand detected; no spec detected — name only
lateral-file-storage-cabinet-with-shelves,Lateral File & Storage Cabinet with Shelves,Lateral file & storage cabinet with shelves,,,low,no brand detected; no spec detected — name only
lateral-file-storage-cabinet-with-shelves-copy,Lateral File & Storage Cabinet with Shelves,Lateral file & storage cabinet with shelves,,,low,no brand detected; no spec detected — name only
2600-series-4-drawer-vertical-file-legal-26-451,"2600 Series 4 Drawer Vertical File, Legal (26-451)","2600 series 4 drawer vertical file, legal (26-451) — 4 drawer",,4 drawer,medium,spec inline — not stripped from name; no brand detected; multi-variant; spec describes option count
ibex-mesh-seat-back-armless-drafting-chair-mvl2827,Ibex | Mesh Seat & Back Armless Drafting Chair MVL2827,Ibex | mesh seat & back armless drafting chair — MVL2827,,MVL2827,medium,no brand detected
corner-maker-12,"Corner Maker 12""",Corner maker — 12,,12,medium,no brand detected
i-pad-holders,iPad Holders,Ipad holders,,,low,no brand detected; no spec detected — name only
coat-tree,Coat Tree,Coat tree,,,low,no brand detected; no spec detected — name only
corner-maker-2-sizes,Corner Maker 2 sizes,Corner maker — 2 sizes,,2 sizes,medium,no brand detected; multi-variant; spec describes option count
folding-chair-cart,Folding Chair Cart,Folding chair cart,,,low,no brand detected; no spec detected — name only
6-drawer-end-tab-cabinet-s128-drawers,6 Drawer End Tab Cabinet S128 Drawers,6 drawer end tab cabinet S128 drawers — 6 drawer,,6 drawer,medium,spec inline — not stripped from name; no brand detected; multi-variant; spec describes option count
round-table-29-high-8-colours,"Round Table 29"" High (8 Colours)","Round table 29"" high (8 colours) — 8 colours",,8 colours,medium,spec inline — not stripped from name; no brand detected; multi-variant; spec describes option count
electric-desk-riser-dual-monitor-arm,Electric Desk Riser + Dual Monitor Arm,Electric desk riser + dual monitor arm,,,low,no brand detected; no spec detected — name only
round-table-42,"Round Table 42""",Round table — 42,,42,medium,no brand detected
demeter-mid-back-ergonomic-chair-buyers-choice-award,"DEMETER Mid Back Ergonomic Chair ""Buyers Choice Award""","Demeter mid back ergonomic chair ""buyers choice award""",,,low,no brand detected; no spec detected — name only
ultra-medium-back-guest-chair-with-arms-mvl11742,Ultra | Medium Back Guest Chair with Arms MVL11742,Ultra | medium back guest chair with arms — MVL11742,,MVL11742,medium,no brand detected
alphabetter-stand-up-desk,AlphaBetter Stand-Up Desk,Alphabetter stand-up desk,,,low,no brand detected; no spec detected — name only
evolve-workstations,Evolve Workstations,Evolve workstations,,,low,no brand detected; no spec detected — name only
delivery,Delivery,Delivery,,,low,no brand detected; no spec detected — name only; no change needed
installation-1,Installation,Installation,,,low,no brand detected; no spec detected — name only; no change needed
vitrola-lounge-seating-4-size-options,Vitrola Lounge Seating (4 Size options),Vitrola lounge seating (4 size options) — 4 size,,4 size,medium,spec inline — not stripped from name; no brand detected; multi-variant; spec describes option count
ultra-guest-chair,Ultra Guest Chair,Ultra guest chair,,,low,no brand detected; no spec detected — name only
